date,realized_volatility,n_obs,open,high,low,close,first_time,last_time,daily_return,annualized_volatility
2024-09-04,0.007161004740108669,78,19034.81,19038.02,18867.07,18921.4,2024-09-04 09:35:00,2024-09-04 16:00:00,,0.11367742607809356
2024-09-05,0.011074908016545164,78,18860.89,19102.07,18806.83,18930.33,2024-09-05 09:35:00,2024-09-05 16:00:00,0.0004718410580271123,0.17580871442816468
2024-09-06,0.015017582054941764,78,18925.18,18930.77,18400.97,18421.31,2024-09-06 09:35:00,2024-09-06 16:00:00,-0.027257251067886543,0.23839672446529347
2024-09-09,0.008436570709585305,78,18576.39,18693.86,18469.4,18660.78,2024-09-09 09:35:00,2024-09-09 16:00:00,0.012915848540671048,0.13392640809464668
2024-09-10,0.009792889049371744,78,18743.93,18845.74,18570.67,18829.14,2024-09-10 09:35:00,2024-09-10 16:00:00,0.008981674637091874,0.1554572942489122
2024-09-11,0.012623688245187586,78,18844.6,19265.96,18531.58,19237.3,2024-09-11 09:35:00,2024-09-11 16:00:00,0.021445432923927626,0.20039483835105432
2024-09-12,0.010723910532099333,78,19213.89,19456.41,19166.8,19423.07,2024-09-12 09:35:00,2024-09-12 16:00:00,0.00961043206848921,0.1702368021002471
2024-09-13,0.00783069818796254,78,19396.65,19556.8,19384.69,19514.58,2024-09-13 09:35:00,2024-09-13 16:00:00,0.004700343676582139,0.12430847998411804
2024-09-16,0.007252781668709585,78,19394.23,19446.06,19294.18,19423.06,2024-09-16 09:35:00,2024-09-16 16:00:00,-0.004700858528383289,0.11513433965312168
2024-09-17,0.00900278340968926,78,19563.55,19596.34,19338.14,19432.4,2024-09-17 09:35:00,2024-09-17 16:00:00,0.00048075612435897764,0.14291475605649545
2024-09-18,0.015064205803401455,78,19466.22,19643.51,19330.81,19344.49,2024-09-18 09:35:00,2024-09-18 16:00:00,-0.004534151687168453,0.2391368535269773
2024-09-19,0.00798206262836654,78,19786.87,19951.79,19725.16,19839.83,2024-09-19 09:35:00,2024-09-19 16:00:00,0.025283908868069506,0.12671131598400268
2024-09-20,0.007204067356860366,78,19810.99,19844.43,19632.73,19791.49,2024-09-20 09:35:00,2024-09-20 16:00:00,-0.002439485940563127,0.1143610239264656
2024-09-23,0.005120176888935904,78,19856.83,19892.67,19797.82,19852.2,2024-09-23 09:35:00,2024-09-23 16:00:00,0.0030627848950625924,0.08128028830070871
2024-09-24,0.006516260881743501,78,19922.07,19984.47,19739.67,19944.84,2024-09-24 09:35:00,2024-09-24 16:00:00,0.004655631038397263,0.10344243462667065
2024-09-25,0.005168422375142257,78,19936.52,20043.2,19921.33,19972.61,2024-09-25 09:35:00,2024-09-25 16:00:00,0.001391371667279941,0.08204616165100916
2024-09-26,0.00833474866923442,78,20252.65,20259.52,19966.99,20115.54,2024-09-26 09:35:00,2024-09-26 16:00:00,0.007130815747191681,0.13231003331412494
2024-09-27,0.00522648772234048,78,20132.26,20146.02,19964.13,20008.62,2024-09-27 09:35:00,2024-09-27 16:00:00,-0.005329469978827853,0.08296792046187187
2024-09-30,0.008335924777405147,78,19960.42,20072.42,19853.98,20060.69,2024-09-30 09:35:00,2024-09-30 16:00:00,0.002598998051634126,0.13232870345253284
2024-10-01,0.011543654744847295,78,20047.91,20054.64,19622.29,19773.3,2024-10-01 09:35:00,2024-10-01 16:00:00,-0.014429635923686873,0.1832498380539403
2024-10-02,0.008554262844194836,78,19714.88,19876.7,19630.91,19802.58,2024-10-02 09:35:00,2024-10-02 16:00:00,0.0014796894139731066,0.1357947128113176
2024-10-03,0.00949757788397823,78,19716.1,19902.7,19688.22,19793.34,2024-10-03 09:35:00,2024-10-03 16:00:00,-0.00046671476090086295,0.15076937483084077
2024-10-04,0.008940724123442706,78,20023.52,20043.4,19829.49,20035.02,2024-10-04 09:35:00,2024-10-04 16:00:00,0.012136224859477478,0.14192959542879213
2024-10-07,0.006459621610495245,78,19950.47,19990.04,19763.04,19800.74,2024-10-07 09:35:00,2024-10-07 16:00:00,-0.011762431601184125,0.10254331406969375
2024-10-08,0.005742048179079248,78,19887.93,20132.67,19886.6,20107.78,2024-10-08 09:35:00,2024-10-08 16:00:00,0.015387494111956584,0.0911521889879698
2024-10-09,0.006120343308581969,78,20102.38,20284.28,20048.46,20268.86,2024-10-09 09:35:00,2024-10-09 16:00:00,0.007978913281022453,0.09715743799707684
2024-10-10,0.006685402489508932,78,20157.05,20314.24,20119.67,20241.76,2024-10-10 09:35:00,2024-10-10 16:00:00,-0.0013379209719570644,0.1061274744096764
2024-10-11,0.00515358762795692,78,20150.19,20313.2,20142.18,20271.97,2024-10-11 09:35:00,2024-10-11 16:00:00,0.001491346543466072,0.08181066734011966
2024-10-14,0.005246022574972169,78,20372.66,20493.9,20355.06,20439.05,2024-10-14 09:35:00,2024-10-14 16:00:00,0.00820814305631296,0.08327802663364234
2024-10-15,0.01083899061131363,78,20439.72,20482.3,20083.55,20159.83,2024-10-15 09:35:00,2024-10-15 16:00:00,-0.01375527613235244,0.17206364172299896
2024-10-16,0.006559069901636436,78,20165.42,20200.59,20037.03,20174.05,2024-10-16 09:35:00,2024-10-16 16:00:00,0.0007051144392339434,0.10412200674971339
2024-10-17,0.00701969107866429,78,20368.46,20375.03,20186.43,20190.42,2024-10-17 09:35:00,2024-10-17 16:00:00,0.00081110941862893,0.11143414124786674
2024-10-18,0.004514612542312784,78,20293.89,20359.18,20273.55,20324.04,2024-10-18 09:35:00,2024-10-18 16:00:00,0.0065961873602671675,0.07166725231663616
2024-10-21,0.006024807913741109,78,20293.14,20386.68,20193.03,20361.47,2024-10-21 09:35:00,2024-10-21 16:00:00,0.0018399676228652065,0.09564086062015716
2024-10-22,0.005600820748991688,78,20235.07,20437.93,20218.85,20383.65,2024-10-22 09:35:00,2024-10-22 16:00:00,0.0010887194437443717,0.08891027303809514
2024-10-23,0.007255931161615608,78,20298.31,20303.59,19934.98,20066.96,2024-10-23 09:35:00,2024-10-23 16:00:00,-0.01565842743264685,0.11518433630303349
2024-10-24,0.006481300365440738,78,20185.37,20253.85,20116.88,20232.87,2024-10-24 09:35:00,2024-10-24 16:00:00,0.008233828149355093,0.10288745363560946
2024-10-25,0.006712680617321529,78,20371.77,20552.82,20323.57,20352.02,2024-10-25 09:35:00,2024-10-25 16:00:00,0.005871660232252128,0.10656050126421782
2024-10-28,0.005038200915625633,78,20448.2,20470.43,20345.06,20351.07,2024-10-28 09:35:00,2024-10-28 16:00:00,-4.667950271949269e-05,0.07997896006754004
2024-10-29,0.006391764501606344,78,20347.73,20600.1,20294.58,20550.65,2024-10-29 09:35:00,2024-10-29 16:00:00,0.009759080253424863,0.10146611586084656
2024-10-30,0.006570650374052731,78,20493.07,20559.04,20378.94,20387.7,2024-10-30 09:35:00,2024-10-30 16:00:00,-0.007960792780764751,0.10430584105018234
2024-10-31,0.00946397432620061,78,20204.49,20206.79,19880.26,19890.42,2024-10-31 09:35:00,2024-10-31 16:00:00,-0.024693569049870558,0.15023593488856135
2024-11-01,0.008087473435520326,78,19975.03,20162.54,19960.02,20033.14,2024-11-01 09:35:00,2024-11-01 16:00:00,0.007149693462420812,0.12838466067136772
2024-11-04,0.006824188111792145,78,20007.97,20106.99,19898.57,19963.6,2024-11-04 09:35:00,2024-11-04 16:00:00,-0.0034772869024010744,0.10833062786235277
2024-11-05,0.005744870819774004,78,20057.56,20249.2,20057.56,20227.46,2024-11-05 09:35:00,2024-11-05 16:00:00,0.013130471850310358,0.09119699701988268
2024-11-06,0.0074597830821504845,78,20569.62,20807.03,20526.64,20781.33,2024-11-06 09:35:00,2024-11-06 16:00:00,0.02701390028074637,0.11842038521914258
2024-11-07,0.00537883077476692,78,20914.91,21132.8,20897.22,21101.57,2024-11-07 09:35:00,2024-11-07 16:00:00,0.01529245782407422,0.08538629144600489
2024-11-08,0.004868306519349429,78,21103.15,21154.99,21051.25,21117.18,2024-11-08 09:35:00,2024-11-08 16:00:00,0.0007394818989828144,0.07728197013739828
2024-11-11,0.005912741661441312,78,21166.89,21182.02,20993.48,21106.59,2024-11-11 09:35:00,2024-11-11 16:00:00,-0.0005016132013816277,0.09386186401646747
2024-11-12,0.005935969496478606,78,21100.41,21144.52,20947.37,21070.79,2024-11-12 09:35:00,2024-11-12 16:00:00,-0.0016975928138463253,0.09423059446648614
2024-11-13,0.0068283775190052685,78,21066.22,21154.02,20955.24,21036.16,2024-11-13 09:35:00,2024-11-13 16:00:00,-0.0016448594736880027,0.108397132640113
2024-11-14,0.00659346523779789,78,21053.13,21067.66,20865.49,20896.67,2024-11-14 09:35:00,2024-11-14 16:00:00,-0.00665304557409025,0.10466801578417542
2024-11-15,0.006630930098368681,78,20670.04,20676.98,20315.08,20394.13,2024-11-15 09:35:00,2024-11-15 16:00:00,-0.024342701787261254,0.10526275200801957
2024-11-18,0.006184326055551799,78,20434.82,20622.28,20401.26,20539.19,2024-11-18 09:35:00,2024-11-18 16:00:00,0.007087654128958593,0.09817313261716248
2024-11-19,0.005516700260548678,78,20442.16,20696.47,20423.3,20684.59,2024-11-19 09:35:00,2024-11-19 16:00:00,0.007054210115987269,0.08757490168258221
2024-11-20,0.009327274521486111,78,20648.62,20675.97,20402.55,20667.1,2024-11-20 09:35:00,2024-11-20 16:00:00,-0.0008459146914163168,0.14806589276328738
2024-11-21,0.013305921376676702,78,20774.61,20814.93,20436.8,20740.78,2024-11-21 09:35:00,2024-11-21 16:00:00,0.0035587466811200425,0.2112249535635885
2024-11-22,0.006566339389104962,78,20720.02,20797.24,20655.9,20776.23,2024-11-22 09:35:00,2024-11-22 16:00:00,0.0017077341848751137,0.1042374062857171
2024-11-25,0.007734520417285829,78,20905.42,20997.98,20713.61,20804.89,2024-11-25 09:35:00,2024-11-25 16:00:00,0.0013785104652557119,0.12278170520693897
2024-11-26,0.005473216253090791,78,20884.63,20944.9,20832.4,20922.9,2024-11-26 09:35:00,2024-11-26 16:00:00,0.005656197686008353,0.08688461446412991
2024-11-27,0.005457996155778253,78,20829.1,20830.02,20615.42,20744.49,2024-11-27 09:35:00,2024-11-27 16:00:00,-0.008563583670888088,0.08664300290961485
2024-11-29,0.0040701821646505106,78,20758.8,21064.52378378378,20751.96,21061.585135135134,2024-11-29 09:35:00,2024-11-29 16:00:00,0.015170102203166667,0.0646121387903748
2024-12-02,0.004292561149752743,78,21003.59,21201.03,21003.59,21164.6,2024-12-02 09:35:00,2024-12-02 16:00:00,0.004879203219745753,0.06814229573869947
2024-12-03,0.004806281175409789,78,21091.27,21235.79,21081.81,21229.32,2024-12-03 09:35:00,2024-12-03 16:00:00,0.0030532703877879813,0.07629734832711307
2024-12-04,0.0043482975459863465,78,21362.33,21498.44,21341.69,21492.36,2024-12-04 09:35:00,2024-12-04 16:00:00,0.012314278088879953,0.06902708359915391
2024-12-05,0.004567529913398462,78,21477.95,21517.49,21411.53,21425.22,2024-12-05 09:35:00,2024-12-05 16:00:00,-0.0031287903358617605,0.0725072895402043
2024-12-06,0.004098651865045249,78,21453.15,21626.31,21453.15,21622.25,2024-12-06 09:35:00,2024-12-06 16:00:00,0.009154144292209532,0.06506408127324478
2024-12-09,0.005343310442840734,78,21550.08,21609.99,21401.04,21440.82,2024-12-09 09:35:00,2024-12-09 16:00:00,-0.008426295361508532,0.08482242365742594
2024-12-10,0.00621724063661288,78,21481.03,21567.02,21313.27,21368.18,2024-12-10 09:35:00,2024-12-10 16:00:00,-0.0033936821564017794,0.09869563539313547
2024-12-11,0.003892644895285179,78,21541.4,21784.71,21535.68,21763.98,2024-12-11 09:35:00,2024-12-11 16:00:00,0.018353410091047725,0.061793822011257896
2024-12-12,0.005037239038839963,78,21650.86,21715.83,21596.9,21615.27,2024-12-12 09:35:00,2024-12-12 16:00:00,-0.006856300307486386,0.07996369074693943
2024-12-13,0.00737158730603607,78,21781.04,21886.74,21646.09,21780.25,2024-12-13 09:35:00,2024-12-13 16:00:00,0.00760358649245967,0.11702032067743216
2024-12-16,0.0052849363094047645,78,21913.34,22133.22,21879.74,22096.66,2024-12-16 09:35:00,2024-12-16 16:00:00,0.014422870021006666,0.08389576301700309
2024-12-17,0.006498968131833746,78,21989.8,22062.0,21923.53,22001.08,2024-12-17 09:35:00,2024-12-17 16:00:00,-0.004334922818026255,0.10316792073219677
2024-12-18,0.01642851644588136,78,21965.72,22038.08,21146.83,21209.31,2024-12-18 09:35:00,2024-12-18 16:00:00,-0.036651306839678814,0.2607946135532208
2024-12-19,0.012216592996504523,78,21403.39,21411.71,21093.45,21110.51,2024-12-19 09:35:00,2024-12-19 16:00:00,-0.004669215488135746,0.19393240162346603
2024-12-20,0.014106239015229751,78,20947.6,21540.32,20913.72,21289.15,2024-12-20 09:35:00,2024-12-20 16:00:00,0.008426532526350868,0.22392960221240757
2024-12-23,0.007687445651855494,78,21394.81,21510.09,21224.27,21503.17,2024-12-23 09:35:00,2024-12-23 16:00:00,0.010002812864575215,0.12203441647280677
2024-12-24,0.004534359640867159,78,21563.27,21797.65,21558.97,21735.43810810811,2024-12-24 09:35:00,2024-12-24 16:00:00,0.010743654914775884,0.07198072778797591
2024-12-26,0.00618223972668763,78,21732.95,21837.7,21645.62,21768.31,2024-12-26 09:35:00,2024-12-26 16:00:00,0.001511221427002066,0.09814001317319637
2024-12-27,0.009118981471949996,78,21635.9,21637.96,21292.19,21473.01,2024-12-27 09:35:00,2024-12-27 16:00:00,-0.013658444781377626,0.14475934310991248
2024-12-30,0.009823167163583066,78,21177.92,21346.06,21046.63,21197.09,2024-12-30 09:35:00,2024-12-30 16:00:00,-0.012932889580562074,0.1559379444111392
2024-12-31,0.009512841623112058,78,21261.02,21275.3,20979.52,21012.17,2024-12-31 09:35:00,2024-12-31 16:00:00,-0.008762114431564721,0.1510116791777912
2025-01-02,0.012890398131441393,78,21136.22,21236.19,20801.03,20975.62,2025-01-02 09:35:00,2025-01-02 16:00:00,-0.0017409827586536274,0.2046287265384337
2025-01-03,0.008292124530740649,78,21107.74,21359.63,21076.27,21326.16,2025-01-03 09:35:00,2025-01-03 16:00:00,0.016573677231635813,0.13163339609230756
2025-01-06,0.0066960130020881905,78,21562.91,21703.49,21462.52,21559.5,2025-01-06 09:35:00,2025-01-06 16:00:00,0.010882066530404085,0.10629591107508225
2025-01-07,0.012583476290025684,78,21608.12,21614.69,21101.09,21173.04,2025-01-07 09:35:00,2025-01-07 16:00:00,-0.018087880406736843,0.19975649335251386
2025-01-08,0.010849485902260187,78,21148.26,21242.54,20992.08,21180.96,2025-01-08 09:35:00,2025-01-08 16:00:00,0.0003739906545929006,0.17223024930169012
2025-01-10,0.011197420872132272,78,21000.59,21012.96,20725.49,20847.58,2025-01-10 09:35:00,2025-01-10 16:00:00,-0.01586479056290004,0.17775354571791582
2025-01-13,0.010193598475256922,78,20596.91,20797.1,20538.33,20784.72,2025-01-13 09:35:00,2025-01-13 16:00:00,-0.0030197730016600574,0.1618183591822621
2025-01-14,0.009963211334015312,78,20887.78,20969.52,20625.68,20757.41,2025-01-14 09:35:00,2025-01-14 16:00:00,-0.001314809998153324,0.1581610766963076
2025-01-15,0.006362906907530116,78,21070.79,21285.69,21024.27,21237.85,2025-01-15 09:35:00,2025-01-15 16:00:00,0.022881675782369413,0.10100801575667846
2025-01-16,0.008568135095192385,78,21316.26,21326.82,21088.98,21091.25,2025-01-16 09:35:00,2025-01-16 16:00:00,-0.006926704614360919,0.1360149279689027
2025-01-17,0.0057484761454416385,78,21437.26,21515.76,21336.12,21441.15,2025-01-17 09:35:00,2025-01-17 16:00:00,0.01645371029342327,0.09125422979055443
2025-01-21,0.008717472979724344,78,21556.48,21620.23,21383.69,21566.51,2025-01-21 09:35:00,2025-01-21 16:00:00,0.005829675691772257,0.13838559339165496
2025-01-22,0.004656894969193361,78,21764.45,21943.04,21762.37,21853.0,2025-01-22 09:35:00,2025-01-22 16:00:00,0.013196563372409655,0.0739259158214006
2025-01-23,0.004459753271723422,78,21727.07,21900.93,21722.04,21900.93,2025-01-23 09:35:00,2025-01-23 16:00:00,0.0021908897862198975,0.07079638839412104
2025-01-24,0.005064250467005116,78,21902.05,21945.1,21709.06,21774.01,2025-01-24 09:35:00,2025-01-24 16:00:00,-0.005812044952010923,0.0803924838758295
2025-01-27,0.010494547494388422,78,21033.99,21292.54,20975.28,21127.28,2025-01-27 09:35:00,2025-01-27 16:00:00,-0.030151960308818913,0.1665957767538467
2025-01-28,0.008804880335745465,78,21190.78,21500.73,21043.13,21463.04,2025-01-28 09:35:00,2025-01-28 16:00:00,0.01576728965675194,0.1397731421523924
2025-01-29,0.0093506957859564,78,21462.12,21475.51,21252.4,21411.46,2025-01-29 09:35:00,2025-01-29 16:00:00,-0.002406093360122035,0.14843769381036173
2025-01-30,0.011689219587489363,78,21525.51,21622.74,21308.69,21508.12,2025-01-30 09:35:00,2025-01-30 16:00:00,0.004504245541154829,0.18556060829353127
2025-01-31,0.009005442967820696,78,21670.61,21846.01,21427.51,21478.05,2025-01-31 09:35:00,2025-01-31 16:00:00,-0.0013990548543777474,0.14295697523297402
2025-02-03,0.014044589325663284,78,21087.53,21406.58,21004.35,21297.58,2025-02-03 09:35:00,2025-02-03 16:00:00,-0.008438032159582873,0.22295094373042434
2025-02-04,0.007057166995123889,78,21317.56,21581.64,21309.35,21566.92,2025-02-04 09:35:00,2025-02-04 16:00:00,0.012567208054936739,0.11202905297850473
2025-02-05,0.0064258944950656115,78,21449.41,21662.98,21408.64,21658.16,2025-02-05 09:35:00,2025-02-05 16:00:00,0.004221629457146014,0.10200791271049546
2025-02-06,0.006403050132860379,78,21662.89,21776.08,21618.25,21774.07,2025-02-06 09:35:00,2025-02-06 16:00:00,0.005337523547899435,0.1016452697029659
2025-02-07,0.010673573805673946,78,21797.67,21869.32,21465.46,21491.31,2025-02-07 09:35:00,2025-02-07 16:00:00,-0.013071144915303277,0.1694377313406391
2025-02-10,0.004135132723811217,78,21658.5,21789.72,21645.17,21756.73,2025-02-10 09:35:00,2025-02-10 16:00:00,0.012274467578009485,0.06564319695269773
2025-02-11,0.005817569951659703,78,21641.43,21775.63,21475.55923076923,21525.456153846153,2025-02-11 09:35:00,2025-02-11 16:00:00,-0.010686893054353268,0.09235105996088176
2025-02-12,0.0068345635173338625,78,21458.32,21745.66,21454.19,21719.26,2025-02-12 09:35:00,2025-02-12 16:00:00,0.00896318259819088,0.10849533231924173
2025-02-13,0.007300098898242313,78,21791.47,22038.15,21759.36,22030.71,2025-02-13 09:35:00,2025-02-13 16:00:00,0.014237964570097832,0.11588547738555464
2025-02-14,0.004342144915548314,78,22050.49,22139.43,22011.55,22114.69,2025-02-14 09:35:00,2025-02-14 16:00:00,0.0038047045130992635,0.0689294136188664
2025-02-18,0.006496729754270221,78,22170.14,22191.37,22029.58,22164.61,2025-02-18 09:35:00,2025-02-18 16:00:00,0.002254779147347039,0.10313238758995663
2025-02-19,0.005213486984964213,78,22123.93,22222.61,22046.43,22175.6,2025-02-19 09:35:00,2025-02-19 16:00:00,0.0004957125924774702,0.08276154015412349
2025-02-20,0.00872439863006738,78,22137.06,22148.24,21889.97,22068.06,2025-02-20 09:35:00,2025-02-20 16:00:00,-0.004861271051338331,0.13849553468250533
2025-02-21,0.007958956572656129,78,22094.75,22113.54,21597.16,21614.08,2025-02-21 09:35:00,2025-02-21 16:00:00,-0.02078636009660474,0.12634451872086658
2025-02-24,0.010302684856803352,78,21675.51,21727.48,21342.28,21352.08,2025-02-24 09:35:00,2025-02-24 16:00:00,-0.012195795362011331,0.16355005180423662
2025-02-25,0.012024139461563133,78,21312.09,21326.81,20932.72,21087.25,2025-02-25 09:35:00,2025-02-25 16:00:00,-0.012480566379563952,0.19087729646912485
2025-02-26,0.008548841438030898,78,21144.1,21350.52,21012.62,21132.92,2025-02-26 09:35:00,2025-02-26 16:00:00,0.002163421786922887,0.1357086506565213
2025-02-27,0.015367433333158398,78,21286.77,21323.91,20541.56,20550.95,2025-02-27 09:35:00,2025-02-27 16:00:00,-0.027924845639989742,0.24395044133340915
2025-02-28,0.014972056801316705,78,20492.77,20900.77,20414.76,20884.41,2025-02-28 09:35:00,2025-02-28 16:00:00,0.016095779025761085,0.23767403346850316
2025-03-03,0.014061114205127213,78,20980.3,21073.72,20235.113846153847,20284.162307692306,2025-03-03 09:35:00,2025-03-03 16:00:00,-0.029162547949565864,0.2232132680594656
2025-03-04,0.01586182370986906,78,20284.73,20590.17,20035.17,20387.14769230769,2025-03-04 09:35:00,2025-03-04 16:00:00,0.0050642875639303345,0.25179864525756884
2025-03-05,0.015156690007831045,78,20395.3,20671.51,20182.57,20256.76076923077,2025-03-05 09:35:00,2025-03-05 16:00:00,-0.006416084245137545,0.2406049947577114
2025-03-06,0.014144899004531484,78,20241.26,20473.4,19976.59,20075.67,2025-03-06 09:35:00,2025-03-06 16:00:00,-0.008979968858948797,0.22454331051669238
2025-03-07,0.019076892125707193,78,20042.95,20241.02,19736.81,19844.27,2025-03-07 09:35:00,2025-03-07 16:00:00,-0.011593333646194498,0.3028362741157654
2025-03-10,0.012169334035966232,78,19825.01,19859.92,19305.46,19390.597692307692,2025-03-10 09:35:00,2025-03-10 16:00:00,-0.023127006923652865,0.19318218888264363
2025-03-11,0.02070534015567068,78,19413.16,19746.349230769232,19182.18,19716.042307692307,2025-03-11 09:35:00,2025-03-11 16:00:00,0.016644341146212407,0.3286870851774241
2025-03-12,0.012493968357469692,78,19679.01,19756.09,19375.25,19542.5,2025-03-12 09:35:00,2025-03-12 16:00:00,-0.00884105358424783,0.1983355989730497
2025-03-13,0.013291378832723053,78,19529.8,19558.56,19152.57,19535.283846153845,2025-03-13 09:35:00,2025-03-13 16:00:00,-0.000369322577584617,0.210994097835199
2025-03-14,0.010676907830797017,78,19470.29,19742.37076923077,19436.32,19739.327692307692,2025-03-14 09:35:00,2025-03-14 16:00:00,0.010390716750138957,0.16949065734868202
2025-03-17,0.011274714219178323,78,19674.72,19943.81,19616.406923076924,19623.792307692307,2025-03-17 09:35:00,2025-03-17 16:00:00,-0.0058702519715379655,0.17898053956361779
2025-03-18,0.009569526513495083,78,19649.03,19670.41,19397.07,19562.65769230769,2025-03-18 09:35:00,2025-03-18 16:00:00,-0.003120194096846223,0.15191152391608187
2025-03-19,0.00992891608764802,78,19584.53,19826.48,19497.79,19679.70153846154,2025-03-19 09:35:00,2025-03-19 16:00:00,0.005965196564007742,0.15761665653807033
2025-03-20,0.009343447511432889,78,19558.1,19888.57,19552.42,19677.61,2025-03-20 09:35:00,2025-03-20 16:00:00,-0.00010628462065889266,0.1483226310194205
2025-03-21,0.00875999721219353,78,19492.68,19766.32,19425.47,19753.97,2025-03-21 09:35:00,2025-03-21 16:00:00,0.0038730426451539647,0.13906064465449916
2025-03-24,0.005603988924680664,78,20040.92,20206.32,20024.97,20180.44,2025-03-24 09:35:00,2025-03-24 16:00:00,0.02135933464884782,0.08896056626799188
2025-03-25,0.005145576139386619,78,20217.16,20291.7,20164.07,20287.83,2025-03-25 09:35:00,2025-03-25 16:00:00,0.005307380428299917,0.08168348890178893
2025-03-26,0.007565112785463635,78,20239.19,20268.33,19848.49,19916.99,2025-03-26 09:35:00,2025-03-26 16:00:00,-0.01844806256081031,0.12009244242295146
2025-03-27,0.01045782246292657,78,19837.67,20002.22,19740.22,19798.62,2025-03-27 09:35:00,2025-03-27 16:00:00,-0.00596089801951306,0.16601278495301222
2025-03-28,0.009783236517899108,78,19700.9,19752.23,19242.43,19281.4,2025-03-28 09:35:00,2025-03-28 16:00:00,-0.02647133764783911,0.15530406506211927
2025-03-31,0.013185397042412913,78,18987.95,19314.85,18799.46,19278.45,2025-03-31 09:35:00,2025-03-31 16:00:00,-0.00015300889426470986,0.20931168907122685
2025-04-01,0.012284444431734712,78,19193.63,19468.62,19095.17,19436.42,2025-04-01 09:35:00,2025-04-01 16:00:00,0.008160733935082161,0.19500950976577336
2025-04-02,0.01188205006219321,78,19157.23,19707.32,19157.23,19581.78,2025-04-02 09:35:00,2025-04-02 16:00:00,0.007450916366468259,0.18862169718109673
2025-04-03,0.012498805258952899,78,18829.01,18899.77,18502.97,18521.48,2025-04-03 09:35:00,2025-04-03 16:00:00,-0.05566840242926978,0.1984123824036938
2025-04-04,0.03092082669543854,78,18085.74,18085.74,17387.83,17397.7,2025-04-04 09:35:00,2025-04-04 16:00:00,-0.06259312605664788,0.4908529066119451
2025-04-07,0.06695739931686757,78,16768.68,18191.5,16554.87,17430.68,2025-04-07 09:35:00,2025-04-07 16:00:00,0.0018938583911997475,1.0629157621684664
2025-04-08,0.029148816587298215,78,18042.53,18207.01,16856.42,17090.4,2025-04-08 09:35:00,2025-04-08 16:00:00,-0.01971496961268663,0.46272311821095324
2025-04-09,0.05750446439736219,78,17082.35,19234.02,17082.35,19145.06,2025-04-09 09:35:00,2025-04-09 16:00:00,0.11352781654799905,0.9128550724283285
2025-04-10,0.03327791714991283,78,18678.17,18710.58,17794.5,18343.57,2025-04-10 09:35:00,2025-04-10 16:00:00,-0.042765614528134425,0.5282705575732842
2025-04-11,0.022568458160619614,78,18327.11,18728.95,18156.73,18690.05,2025-04-11 09:35:00,2025-04-11 16:00:00,0.01871219231753496,0.35826316660299423
2025-04-14,0.015355173669992547,78,19111.47,19115.15,18614.75,18796.02,2025-04-14 09:35:00,2025-04-14 16:00:00,0.005653848604898044,0.2437558252140436
2025-04-15,0.014337212704328577,78,18839.45,19004.17,18755.75,18830.23,2025-04-15 09:35:00,2025-04-15 16:00:00,0.0018184118495267359,0.2275961958569354
2025-04-16,0.014586218732411565,78,18480.11,18597.32,17996.51,18257.64,2025-04-16 09:35:00,2025-04-16 16:00:00,-0.030879934581373593,0.23154904400851675
2025-04-17,0.01274266204449646,78,18356.13,18399.71,18144.46,18258.09,2025-04-17 09:35:00,2025-04-17 16:00:00,2.464691244147707e-05,0.20228348886407704
2025-04-21,0.010448202020936635,78,18027.69,18041.54,17592.92,17808.3,2025-04-21 09:35:00,2025-04-21 16:00:00,-0.024943628724303276,0.16586006517096485
2025-04-22,0.014065462217809719,78,18001.64,18393.16,17993.24,18276.41,2025-04-22 09:35:00,2025-04-22 16:00:00,0.025946516489867153,0.2232822906209972
2025-04-23,0.014793631448718326,78,18851.52,19042.91,18618.89,18693.26,2025-04-23 09:35:00,2025-04-23 16:00:00,0.022551873840996543,0.23484161880511722
2025-04-24,0.009998170855503278,78,18764.2,19224.8,18750.0,19214.4,2025-04-24 09:35:00,2025-04-24 16:00:00,0.027496966840941578,0.15871604189517347
2025-04-25,0.010577324954278227,78,19206.3,19447.5,19133.23,19432.56,2025-04-25 09:35:00,2025-04-25 16:00:00,0.011290011804150115,0.167909828192027
2025-04-28,0.01128186116642828,78,19454.67,19519.33,19162.46,19427.29,2025-04-28 09:35:00,2025-04-28 16:00:00,-0.00027123110523110614,0.17909399383395788
2025-04-29,0.010452506018025172,78,19338.68,19582.15,19304.83,19544.95,2025-04-29 09:35:00,2025-04-29 16:00:00,0.006038162419417178,0.16592838900660373
2025-04-30,0.012497042174305955,78,19145.46,19612.76,19011.98,19571.02,2025-04-30 09:35:00,2025-04-30 16:00:00,0.0013329595998799915,0.19838439430259677
2025-05-01,0.009145343874292364,78,19865.59,20021.38,19763.14,19786.71,2025-05-01 09:35:00,2025-05-01 16:00:00,0.01096059957307336,0.14517783327327327
2025-05-02,0.00783271369223815,78,19993.22,20176.6,19936.67,20102.61,2025-05-02 09:35:00,2025-05-02 16:00:00,0.01583915716584907,0.12434047512259594
2025-05-05,0.007176301228679265,78,19944.31,20100.53,19906.27,19967.94,2025-05-05 09:35:00,2025-05-05 16:00:00,-0.006721670006609955,0.1139202503062356
2025-05-06,0.01013353037148242,78,19704.59,19926.85,19659.32,19791.35,2025-05-06 09:35:00,2025-05-06 16:00:00,-0.008883013816116215,0.16086480759637475
2025-05-07,0.016853292364936615,78,19789.33,19960.86,19606.03,19867.97,2025-05-07 09:35:00,2025-05-07 16:00:00,0.0038639137194958462,0.2675377222217154
2025-05-08,0.0088247337418164,78,20078.36,20249.01,19916.82,20063.57,2025-05-08 09:35:00,2025-05-08 16:00:00,0.009796845523206194,0.14008830520324003
2025-05-09,0.007561161251242359,78,20177.26,20203.58,19984.53,20061.45,2025-05-09 09:35:00,2025-05-09 16:00:00,-0.00010566972935945735,0.1200297137618715
2025-05-12,0.007955900166786618,78,20781.72,20870.12,20613.27,20868.15,2025-05-12 09:35:00,2025-05-12 16:00:00,0.03942401010137869,0.12629599978184813
2025-05-13,0.005904481790132097,78,20899.03,21259.19,20891.18,21197.7,2025-05-13 09:35:00,2025-05-13 16:00:00,0.015668612052986548,0.09373074262439399
2025-05-14,0.006448230653786104,78,21262.95,21335.55,21199.85,21319.21,2025-05-14 09:35:00,2025-05-14 16:00:00,0.005715858975704601,0.10236248823780882
2025-05-15,0.008153167963245195,78,21199.31,21443.88,21168.17,21335.82,2025-05-15 09:35:00,2025-05-15 16:00:00,0.0007788061965752865,0.12942752896851475
2025-05-16,0.005575832817422835,78,21366.66,21428.79,21246.42,21427.94,2025-05-16 09:35:00,2025-05-16 16:00:00,0.0043083275414431774,0.08851360192184063
2025-05-19,0.007103385224279623,78,21171.84,21464.56,21147.59,21447.05,2025-05-19 09:35:00,2025-05-19 16:00:00,0.0008914288383728542,0.11276274462080793
2025-05-20,0.006727375140406515,78,21363.96,21399.99,21226.66,21367.37,2025-05-20 09:35:00,2025-05-20 16:00:00,-0.0037221147450534437,0.10679376958652324
2025-05-21,0.012257297368676092,78,21231.12,21482.98,21002.09,21080.36,2025-05-21 09:35:00,2025-05-21 16:00:00,-0.013523190707245216,0.19457856349969996
2025-05-22,0.008240121339762329,78,21109.11,21263.18,21052.5,21112.47,2025-05-22 09:35:00,2025-05-22 16:00:00,0.0015220598475623086,0.13080787102804495
2025-05-23,0.007921689645757473,78,20786.32,21025.58,20778.35,20915.65,2025-05-23 09:35:00,2025-05-23 16:00:00,-0.009366178588956473,0.12575292459665777
2025-05-27,0.004183358424419802,78,21217.76,21428.33,21145.13,21414.99,2025-05-27 09:35:00,2025-05-27 16:00:00,0.02359346152001087,0.06640875621637075
2025-05-28,0.005727225747039814,78,21458.45,21505.8,21296.51,21318.17,2025-05-28 09:35:00,2025-05-28 16:00:00,-0.0045313833880081915,0.09091689017396082
2025-05-29,0.01019676599321924,78,21598.27,21598.27,21260.72,21363.95,2025-05-29 09:35:00,2025-05-29 16:00:00,0.002145161372281913,0.1618686419710718
2025-05-30,0.009830871365097662,78,21301.07,21386.29,21032.56,21340.99,2025-05-30 09:35:00,2025-05-30 16:00:00,-0.0010752855389689815,0.15606024481868688
2025-06-02,0.006987962683330387,78,21285.73,21498.2,21199.83,21491.75,2025-06-02 09:35:00,2025-06-02 16:00:00,0.007039504013549093,0.11093046858655085
2025-06-03,0.0052311900120735975,78,21540.83,21715.96,21477.75,21662.58,2025-06-03 09:35:00,2025-06-03 16:00:00,0.007917207489123605,0.08304256699723028
2025-06-04,0.004558021225048185,78,21709.81,21761.37,21607.33,21721.92,2025-06-04 09:35:00,2025-06-04 16:00:00,0.0027355408961419764,0.0723563437921888
2025-06-05,0.010166414736837395,78,21799.01,21891.89,21472.87,21547.43,2025-06-05 09:35:00,2025-06-05 16:00:00,-0.008065337051527765,0.16138683071288348
2025-06-06,0.007007278612440359,78,21761.09,21836.44,21696.69,21761.79,2025-06-06 09:35:00,2025-06-06 16:00:00,0.009899127736493034,0.11123709945515368
2025-06-09,0.003919089642288514,78,21782.3,21854.61,21729.3,21797.87,2025-06-09 09:35:00,2025-06-09 16:00:00,0.001656578965540719,0.06221361935558696
2025-06-10,0.006222967008766428,78,21831.04,21961.42,21727.34,21941.92,2025-06-10 09:35:00,2025-06-10 16:00:00,0.006586703813456736,0.09878653873293283
2025-06-11,0.00768078756354851,78,21995.14,22041.83,21775.27,21860.8,2025-06-11 09:35:00,2025-06-11 16:00:00,-0.00370388381081193,0.12192872259760244
2025-06-12,0.00618105483512684,78,21830.39,21952.0,21795.82,21816.295,2025-06-12 09:35:00,2025-06-12 16:00:00,-0.002037910964670996,0.09812120360279379
2025-06-13,0.008387010446814896,78,21716.25,21837.78,21591.11,21631.04,2025-06-13 09:35:00,2025-06-13 16:00:00,-0.008527847459850121,0.13313966331343757
2025-06-16,0.0047765005795350965,78,21842.26,21977.9,21821.73,21937.57,2025-06-16 09:35:00,2025-06-16 16:00:00,0.014071371926619435,0.07582459602363455
2025-06-17,0.006341475776659963,78,21869.72,21896.42,21686.91,21719.08,2025-06-17 09:35:00,2025-06-17 16:00:00,-0.010009555209945965,0.10066780710109464
2025-06-18,0.00842984843181911,78,21762.21,21862.91,21661.68,21719.69,2025-06-18 09:35:00,2025-06-18 16:00:00,2.8085509789388488e-05,0.13381969524336718
2025-06-20,0.008652074299657635,78,21870.78,21902.99,21552.8,21626.39,2025-06-20 09:35:00,2025-06-20 16:00:00,-0.0043048941951448145,0.13734742153048463
2025-06-23,0.008946753650088402,78,21634.04,21870.62,21532.32,21856.33,2025-06-23 09:35:00,2025-06-23 16:00:00,0.01057625389420724,0.1420253111969598
2025-06-24,0.003294538293528454,78,22059.6,22220.64,22045.63,22190.52,2025-06-24 09:35:00,2025-06-24 16:00:00,0.015174588546110621,0.05229917405673244
2025-06-25,0.005037500283944506,78,22295.2,22329.23,22175.08,22237.74,2025-06-25 09:35:00,2025-06-25 16:00:00,0.0021256748646141924,0.07996783788440655
2025-06-26,0.004799764474072319,78,22327.38,22466.92,22259.98,22447.29,2025-06-26 09:35:00,2025-06-26 16:00:00,0.0093790486932068,0.0761938989004685
2025-06-27,0.005737299530349565,78,22514.13,22603.22,22382.95,22534.2,2025-06-27 09:35:00,2025-06-27 16:00:00,0.003864260972622257,0.09107680652635573
2025-06-30,0.00427329912873311,78,22647.37,22721.5,22565.11,22679.01,2025-06-30 09:35:00,2025-06-30 16:00:00,0.0064056719335325975,0.06783652063450078
2025-07-01,0.008052092723798556,78,22589.23,22631.26,22388.23,22478.14,2025-07-01 09:35:00,2025-07-01 16:00:00,-0.008896545724369962,0.1278230092848221
2025-07-02,0.004063088955789287,78,22457.42,22644.72,22448.4,22641.89,2025-07-02 09:35:00,2025-07-02 16:00:00,0.0072584490272377235,0.0644995375905094
2025-07-03,0.003233875163732606,78,22775.72,22896.01,22714.453513513512,22735.258648648647,2025-07-03 09:35:00,2025-07-03 16:00:00,0.004115233468687171,0.05133617672558856
2025-07-07,0.006474636773106131,78,22771.63,22776.21,22587.47,22685.57,2025-07-07 09:35:00,2025-07-07 16:00:00,-0.002187924348747285,0.10278167238667534
2025-07-08,0.005716163203003388,78,22740.22,22761.75,22652.44,22702.25,2025-07-08 09:35:00,2025-07-08 16:00:00,0.0007349989821459325,0.0907412777316323
2025-07-09,0.0047982675482493645,78,22815.96,22915.33,22733.65,22864.91,2025-07-09 09:35:00,2025-07-09 16:00:00,0.007139382437191859,0.07617013593971661
2025-07-10,0.00455088877283349,78,22896.37,22896.37,22717.06,22829.26,2025-07-10 09:35:00,2025-07-10 16:00:00,-0.0015603744299674414,0.07224311962339999
2025-07-11,0.004940216931684046,78,22759.8,22837.26,22699.3,22780.6,2025-07-11 09:35:00,2025-07-11 16:00:00,-0.002133749959414992,0.07842351254367932
2025-07-14,0.005427950000803169,78,22779.55,22886.94,22675.28,22855.63,2025-07-14 09:35:00,2025-07-14 16:00:00,0.00328817992208443,0.08616603498610818
2025-07-15,0.004794715438447564,78,23035.72,23035.84,22879.47,22884.59,2025-07-15 09:35:00,2025-07-15 16:00:00,0.001266281791810525,0.07611374794472565
2025-07-16,0.007753491012668753,78,22896.34,22928.55,22669.37,22907.97,2025-07-16 09:35:00,2025-07-16 16:00:00,0.001021126664747615,0.12308285407257524
2025-07-17,0.0036972319179153675,78,22941.57,23104.72,22905.51,23081.05,2025-07-17 09:35:00,2025-07-17 16:00:00,0.007527049594640643,0.05869173716480661
2025-07-18,0.004398412022085472,78,23128.72,23153.21,23018.36,23065.47,2025-07-18 09:35:00,2025-07-18 16:00:00,-0.0006752405421675329,0.06982262624420937
2025-07-21,0.003354096407840529,78,23130.58,23263.37,23127.6,23180.06,2025-07-21 09:35:00,2025-07-21 16:00:00,0.0049557323495088386,0.053244629810886686
2025-07-22,0.0056707874375637405,78,23166.49,23171.77,22953.85,23063.58,2025-07-22 09:35:00,2025-07-22 16:00:00,-0.005037676373981892,0.09002095978621727
2025-07-23,0.005194543974552129,78,23075.34,23168.35,23002.0,23162.41,2025-07-23 09:35:00,2025-07-23 16:00:00,0.004275956040412937,0.0824608291863238
2025-07-24,0.003957144926727709,78,23248.69,23268.49,23150.34,23219.86,2025-07-24 09:35:00,2025-07-24 16:00:00,0.0024772409534744794,0.06281772826777457
2025-07-25,0.003215326783752067,78,23212.5,23326.3,23193.99,23272.25,2025-07-25 09:35:00,2025-07-25 16:00:00,0.002253716691933713,0.05104173032167875
2025-07-28,0.003862850475790345,78,23356.71,23386.76,23300.14,23356.27,2025-07-28 09:35:00,2025-07-28 16:00:00,0.003603806894732876,0.0613208502646127
2025-07-29,0.004916464312614882,78,23492.67,23510.92,23285.15,23308.3,2025-07-29 09:35:00,2025-07-29 16:00:00,-0.0020559502379281663,0.07804645140541856
2025-07-30,0.0071488785869011934,78,23329.32,23447.15,23226.92,23345.41,2025-07-30 09:35:00,2025-07-30 16:00:00,0.001590870600718019,0.11348492936361247
2025-07-31,0.008267823680159572,78,23550.99,23563.52,23176.47,23218.12,2025-07-31 09:35:00,2025-07-31 16:00:00,-0.0054673826096141714,0.13124763204859832
2025-08-01,0.009440499616820787,78,22920.57,22972.47,22673.88,22763.31,2025-08-01 09:35:00,2025-08-01 16:00:00,-0.019782979042219054,0.14986328542985017
2025-08-04,0.0047207925212348015,78,22977.84,23190.83,22973.6,23188.61,2025-08-04 09:35:00,2025-08-04 16:00:00,0.018511180577744913,0.07494025801392534
2025-08-05,0.007139408798746134,78,23197.01,23284.45,23008.14,23018.56,2025-08-05 09:35:00,2025-08-05 16:00:00,-0.007360362805311789,0.11333460113705196
2025-08-06,0.006868694543702185,78,23066.9,23330.49,23042.58,23315.04,2025-08-06 09:35:00,2025-08-06 16:00:00,0.012797798855998207,0.10903714556581354
2025-08-07,0.008315720475135352,78,23495.09,23560.29,23226.02,23389.53,2025-08-07 09:35:00,2025-08-07 16:00:00,0.0031898404443850984,0.1320079700972161
2025-08-08,0.004703236097460142,78,23462.58,23619.24,23437.61,23611.27,2025-08-08 09:35:00,2025-08-08 16:00:00,0.009435654080464496,0.07466155842660888
2025-08-11,0.004645459554594669,78,23617.8,23698.0,23484.25,23526.63,2025-08-11 09:35:00,2025-08-11 16:00:00,-0.0035911693547346917,0.07374438424239825
2025-08-12,0.006667208774973685,78,23643.88,23843.96,23524.28,23839.2,2025-08-12 09:35:00,2025-08-12 16:00:00,0.013198313524479137,0.10583865814516782
2025-08-13,0.004497137503046608,78,23940.89,23968.99,23789.58,23849.04,2025-08-13 09:35:00,2025-08-13 16:00:00,0.00041268036478813515,0.07138984466833982
2025-08-14,0.005316858179910051,78,23756.66,23907.57,23748.98,23832.44,2025-08-14 09:35:00,2025-08-14 16:00:00,-0.0006962871400243384,0.08440250700144906
2025-08-15,0.005257622890946336,78,23791.2,23800.87,23651.21,23712.07,2025-08-15 09:35:00,2025-08-15 16:00:00,-0.00506347661079578,0.08346217594082683
2025-08-18,0.004293636073931996,78,23707.52,23733.5,23637.41,23713.76,2025-08-18 09:35:00,2025-08-18 16:00:00,7.126917971545958e-05,0.06815935963103881
2025-08-19,0.006795655202633406,78,23678.81,23681.43,23346.34,23384.77,2025-08-19 09:35:00,2025-08-19 16:00:00,-0.013970514615870249,0.10787768197146144
2025-08-20,0.008982539110888858,78,23313.14,23318.99,22959.84,23249.57,2025-08-20 09:35:00,2025-08-20 16:00:00,-0.005798318526250412,0.14259338777593897
2025-08-21,0.00729020986912658,78,23133.8,23264.17,23046.85,23142.58,2025-08-21 09:35:00,2025-08-21 16:00:00,-0.004612426441957414,0.11572849391506601
2025-08-22,0.009671924942679376,78,23147.55,23575.19,23144.04,23498.12,2025-08-22 09:35:00,2025-08-22 16:00:00,0.01524620715321824,0.15353704858567366
2025-08-25,0.004419133357583242,78,23435.38,23546.45,23382.39,23425.6,2025-08-25 09:35:00,2025-08-25 16:00:00,-0.0030909764928619445,0.07015156724757078
2025-08-26,0.004581296780413408,78,23408.46,23532.51,23373.2,23525.29,2025-08-26 09:35:00,2025-08-26 16:00:00,0.0042465712497529035,0.07272583177892858
2025-08-27,0.004317356128348058,78,23474.91,23591.05,23434.31,23565.85,2025-08-27 09:35:00,2025-08-27 16:00:00,0.0017226174617919023,0.06853590382145773
2025-08-28,0.005298489130597818,78,23649.31,23741.23,23514.7,23703.45,2025-08-28 09:35:00,2025-08-28 16:00:00,0.0058219769984841265,0.08411090738364396
2025-08-29,0.006399836498342142,78,23599.93,23605.86,23356.56,23415.42,2025-08-29 09:35:00,2025-08-29 16:00:00,-0.012225827472743698,0.10159425483652644
2025-09-02,0.007034285395835432,78,23005.36,23241.18,22977.89,23231.11,2025-09-02 09:35:00,2025-09-02 16:00:00,-0.007902451014447759,0.11166581885060459
2025-09-03,0.006160914874373874,78,23376.48,23478.01,23279.12,23414.84,2025-09-03 09:35:00,2025-09-03 16:00:00,0.007877680705676097,0.09780149163739209
2025-09-04,0.00500260910222924,78,23434.93,23638.41,23371.33,23633.01,2025-09-04 09:35:00,2025-09-04 16:00:00,0.009274454149603905,0.0794139575458
2025-09-05,0.00841012457938848,78,23817.14,23848.05,23475.33,23652.44,2025-09-05 09:35:00,2025-09-05 16:00:00,0.0008218173283137651,0.13350658879280167
2025-09-08,0.004404792107610842,78,23748.47,23850.13,23725.23,23762.3,2025-09-08 09:35:00,2025-09-08 16:00:00,0.004634010292785257,0.06992390696207008
2025-09-09,0.005098431661708804,78,23800.58,23852.42,23698.66,23839.8,2025-09-09 09:35:00,2025-09-09 16:00:00,0.00325616174391645,0.08093509352003572
2025-09-10,0.00538573798841732,78,23919.03,23958.54,23760.09,23900.055,2025-09-10 09:35:00,2025-09-10 16:00:00,0.0025243072898332958,0.08549594006343297
2025-09-11,0.004033615565328599,78,23948.12,24015.93,23883.7,23992.56,2025-09-11 09:35:00,2025-09-11 16:00:00,0.0038630220979657282,0.06403166202179209
2025-09-12,0.003467258880447004,78,24022.71,24137.06,23983.63,24092.19,2025-09-12 09:35:00,2025-09-12 16:00:00,0.004143939297695027,0.055041028372458035
2025-09-15,0.0030337645776780165,78,24175.57,24297.34,24175.57,24293.78,2025-09-15 09:35:00,2025-09-15 16:00:00,0.008332628917441567,0.04815951965311756
2025-09-16,0.0026879801141290664,78,24328.05,24337.73,24244.21,24274.25,2025-09-16 09:35:00,2025-09-16 16:00:00,-0.0008042327865737816,0.04267036146643515
2025-09-17,0.010133127301958261,78,24277.22,24291.78,24003.35,24223.69,2025-09-17 09:35:00,2025-09-17 16:00:00,-0.002085037769314398,0.16085840906604282
2025-09-18,0.006171523464515016,78,24430.11,24553.84,24356.02,24454.89,2025-09-18 09:35:00,2025-09-18 16:00:00,0.0094991159762859,0.09796989778503892
2025-09-19,0.004130636281714282,78,24527.5,24641.27,24469.28,24626.25,2025-09-19 09:35:00,2025-09-19 16:00:00,0.00698275126760785,0.06557181814725917
2025-09-22,0.0030391890412911266,78,24589.78,24779.51,24580.37,24761.07,2025-09-22 09:35:00,2025-09-22 16:00:00,0.005459714554186821,0.04824563034341481
2025-09-23,0.004597655050180123,78,24747.72,24764.3,24543.12,24580.17,2025-09-23 09:35:00,2025-09-23 16:00:00,-0.007332641439343864,0.07298551126102078
