,"开盘价
[单位] 元","收盘价
[单位] 元"
时间,上证50,上证50
2020/01/02,3073.9313,3090.8331
2020/01/03,3097.2518,3078.2793
2020/01/06,3062.2801,3056.8359
2020/01/07,3063.7464,3074.0152
2020/01/08,3058.3585,3037.8525
2020/01/09,3060.7743,3067.5456
2020/01/10,3079.0765,3067.881
2020/01/13,3069.6784,3090.1284
2020/01/14,3097.7248,3080.6016
2020/01/15,3078.2528,3058.0078
2020/01/16,3067.95,3043.0931
2020/01/17,3054.0361,3053.1729
2020/01/20,3070.6701,3065.9906
2020/01/21,3048.9459,3012.1123
2020/01/22,2996.8099,3017.8785
2020/01/23,2993.7726,2932.4932
2020/02/03,2676.0073,2727.0931
2020/02/04,2724.1314,2794.6606
2020/02/05,2803.7374,2812.8993
2020/02/06,2829.5111,2854.8878
2020/02/07,2836.7992,2851.7105
2020/02/10,2826.797,2850.0642
2020/02/11,2858.9245,2879.8575
2020/02/12,2876.6708,2895.5859
2020/02/13,2898.3985,2875.4794
2020/02/14,2870.7125,2895.0644
2020/02/17,2901.686,2950.0699
2020/02/18,2940.646,2924.3981
2020/02/19,2917.1249,2923.7633
2020/02/20,2931.3718,2978.1829
2020/02/21,2965.6019,2968.1381
2020/02/24,2949.978,2930.0332
2020/02/25,2891.9788,2909.324
2020/02/26,2877.4634,2901.6734
2020/02/27,2904.8654,2912.0364
2020/02/28,2860.2818,2821.0419
2020/03/02,2837.7737,2907.8863
2020/03/03,2941.6796,2921.4435
2020/03/04,2921.0678,2947.5666
2020/03/05,2966.6862,3018.0701
2020/03/06,2989.7649,2964.8348
2020/03/09,2908.6266,2868.8297
2020/03/10,2859.8694,2924.2165
2020/03/11,2927.8282,2888.3612
2020/03/12,2858.511,2841.9824
2020/03/13,2720.6127,2798.7695
2020/03/16,2799.9951,2694.0229
2020/03/17,2696.6972,2685.5907
2020/03/18,2695.4241,2625.747
2020/03/19,2611.7496,2569.7891
2020/03/20,2597.9793,2628.4161
2020/03/23,2548.8455,2559.6192
2020/03/24,2608.2448,2639.3834
2020/03/25,2700.0961,2700.1865
2020/03/26,2676.6159,2689.2803
2020/03/27,2722.4681,2701.4447
2020/03/30,2667.1202,2690.042
2020/03/31,2713.4987,2689.379
2020/04/01,2684.5001,2682.0795
2020/04/02,2667.9405,2719.8864
2020/04/03,2707.8191,2708.8246
2020/04/07,2756.2704,2757.4064
2020/04/08,2742.357,2743.8865
2020/04/09,2754.7165,2752.588
2020/04/10,2755.1967,2749.8466
2020/04/13,2740.0926,2739.1666
2020/04/14,2756.4996,2785.72
2020/04/15,2783.276,2764.4883
2020/04/16,2751.6937,2768.2616
2020/04/17,2790.8348,2809.0757
2020/04/20,2812.8012,2819.7938
2020/04/21,2808.913,2784.5328
2020/04/22,2774.4393,2804.2373
2020/04/23,2813.7322,2797.6612
2020/04/24,2789.0511,2776.0245
2020/04/27,2786.467,2805.2202
2020/04/28,2814.2298,2825.1393
2020/04/29,2814.5955,2844.8143
2020/04/30,2851.1447,2861.9077
2020/05/06,2823.2918,2863.8452
2020/05/07,2860.9591,2854.423
2020/05/08,2864.8561,2873.0125
2020/05/11,2876.772,2871.8476
2020/05/12,2871.3136,2869.5973
2020/05/13,2860.8202,2867.7123
2020/05/14,2854.7781,2834.5328
2020/05/15,2845.9099,2819.6911
2020/05/18,2821.7258,2837.1721
2020/05/19,2869.2324,2860.6682
2020/05/20,2861.5929,2856.1398
2020/05/21,2866.7448,2846.8239
2020/05/22,2840.8794,2775.8096
2020/05/25,2784.4347,2789.7095
2020/05/26,2806.248,2808.8419
2020/05/27,2810.4749,2795.4807
2020/05/28,2797.3679,2809.6648
2020/05/29,2791.6226,2806.6643
2020/06/01,2832.2174,2870.3558
2020/06/02,2864.5289,2885.9208
2020/06/03,2900.8702,2889.1086
2020/06/04,2900.9644,2883.3633
2020/06/05,2886.2329,2896.3495
2020/06/08,2907.675,2909.5867
2020/06/09,2911.9481,2928.3043
2020/06/10,2925.1657,2908.4753
2020/06/11,2899.4865,2876.513
2020/06/12,2840.8021,2884.1157
2020/06/15,2862.4896,2838.6074
2020/06/16,2867.7129,2878.9924
2020/06/17,2879.8483,2881.1321
2020/06/18,2872.1682,2888.9575
2020/06/19,2891.3093,2925.9356
2020/06/22,2921.297,2921.8915
2020/06/23,2913.0108,2925.416
2020/06/24,2928.5224,2943.4733
2020/06/29,2935.5423,2925.4834
2020/06/30,2933.9281,2942.0741
2020/07/01,2950.4921,3009.8611
2020/07/02,3005.357,3084.2381
2020/07/03,3101.3858,3159.1583
2020/07/06,3198.7384,3374.1362
2020/07/07,3438.8558,3381.7608
2020/07/08,3378.1092,3429.9449
2020/07/09,3426.5963,3442.0205
2020/07/10,3403.9961,3351.78
2020/07/13,3338.7076,3390.115
2020/07/14,3374.07,3348.0312
2020/07/15,3363.9243,3313.7646
2020/07/16,3313.5618,3162.0251
2020/07/17,3181.698,3185.8909
2020/07/20,3219.9177,3287.915
2020/07/21,3302.7223,3286.8146
2020/07/22,3278.7375,3291.3605
2020/07/23,3263.074,3284.1103
2020/07/24,3265.519,3158.2854
2020/07/27,3178.0469,3163.2306
2020/07/28,3188.9568,3185.8904
2020/07/29,3184.7168,3243.3849
2020/07/30,3252.2041,3231.5193
2020/07/31,3226.4225,3249.3375
2020/08/03,3271.1771,3281.1012
2020/08/04,3293.9177,3312.1336
2020/08/05,3298.1382,3292.3094
2020/08/06,3295.4327,3292.2003
2020/08/07,3277.4438,3263.7455
2020/08/10,3250.5443,3285.7602
2020/08/11,3291.3399,3262.8244
2020/08/12,3255.5383,3249.7381
2020/08/13,3261.1279,3241.8446
2020/08/14,3236.948,3288.5141
2020/08/17,3300.9029,3368.8488
2020/08/18,3369.8674,3367.3313
2020/08/19,3361.7188,3307.6593
2020/08/20,3285.2015,3264.5329
2020/08/21,3287.4335,3284.7267
2020/08/24,3306.5613,3298.7205
2020/08/25,3312.0329,3310.8389
2020/08/26,3308.9304,3277.8901
2020/08/27,3286.7843,3290.7855
2020/08/28,3296.5238,3368.4384
2020/08/31,3386.6204,3343.8881
2020/09/01,3333.2071,3355.096
2020/09/02,3371.5729,3347.3042
2020/09/03,3349.262,3334.4119
2020/09/04,3293.4924,3309.2096
2020/09/07,3303.6417,3253.4259
2020/09/08,3267.3119,3289.9142
2020/09/09,3253.4969,3235.7032
2020/09/10,3264.3212,3245.5017
2020/09/11,3238.4673,3265.4966
2020/09/14,3283.932,3294.1507
2020/09/15,3291.196,3317.6402
2020/09/16,3314.2074,3295.5836
2020/09/17,3286.1485,3264.6864
2020/09/18,3267.6295,3347.7784
2020/09/21,3359.232,3311.5936
2020/09/22,3285.7691,3270.519
2020/09/23,3271.4743,3275.7387
2020/09/24,3259.1207,3218.716
2020/09/25,3232.6929,3229.7769
2020/09/28,3237.3001,3250.5018
2020/09/29,3266.0069,3241.323
2020/09/30,3252.5946,3232.4183
2020/10/09,3281.4645,3286.8572
2020/10/12,3302.9822,3387.8848
2020/10/13,3381.6409,3386.893
2020/10/14,3380.5584,3369.4978
2020/10/15,3369.7229,3371.4014
2020/10/16,3374.1697,3380.1689
2020/10/19,3398.752,3354.3075
2020/10/20,3352.0276,3363.503
2020/10/21,3372.687,3377.4246
2020/10/22,3370.084,3369.53
2020/10/23,3364.5981,3346.608
2020/10/26,3320.0274,3304.7036
2020/10/27,3298.0635,3294.0881
2020/10/28,3295.4449,3313.2314
2020/10/29,3278.9777,3324.4397
2020/10/30,3321.9387,3280.3835
2020/11/02,3280.6167,3265.8963
2020/11/03,3284.0395,3307.4846
2020/11/04,3311.5399,3332.1901
2020/11/05,3366.4014,3369.5029
2020/11/06,3380.1978,3359.1193
2020/11/09,3382.8002,3418.2753
2020/11/10,3439.3599,3416.1408
2020/11/11,3415.8839,3411.2295
2020/11/12,3413.2074,3397.3544
2020/11/13,3376.9114,3338.3101
2020/11/16,3352.6888,3377.11
2020/11/17,3376.8744,3379.2742
2020/11/18,3377.8433,3387.0447
2020/11/19,3377.2283,3410.0937
2020/11/20,3407.7282,3411.9323
2020/11/23,3427.7784,3469.8046
2020/11/24,3461.432,3442.7229
2020/11/25,3461.479,3420.2916
2020/11/26,3418.5592,3445.7388
2020/11/27,3453.3086,3498.6589
2020/11/30,3509.6591,3469.4178
2020/12/01,3480.5639,3554.0139
2020/12/02,3555.5954,3545.3401
2020/12/03,3545.2791,3536.8144
2020/12/04,3535.9378,3541.5209
2020/12/07,3547.9306,3509.9419
2020/12/08,3512.8571,3499.0572
2020/12/09,3511.7581,3468.5269
2020/12/10,3464.9419,3459.0346
2020/12/11,3473.8739,3427.8565
2020/12/14,3443.0277,3467.7669
2020/12/15,3466.4917,3468.8286
2020/12/16,3480.9266,3485.4049
2020/12/17,3497.3913,3539.5401
2020/12/18,3529.0228,3507.9743
2020/12/21,3505.9056,3522.262
2020/12/22,3519.0501,3470.9024
2020/12/23,3483.188,3494.5868
2020/12/24,3495.8485,3489.2742
2020/12/25,3476.5528,3512.4862
2020/12/28,3514.712,3523.8369
2020/12/29,3533.1259,3517.35
2020/12/30,3513.7859,3574.1307
2020/12/31,3581.4493,3640.6389
2021/01/04,3632.6913,3643.3592
2021/01/05,3627.6453,3683.3634
2021/01/06,3688.9529,3736.648
2021/01/07,3750.8769,3808.0695
2021/01/08,3815.568,3788.3191
2021/01/11,3794.8301,3776.5293
2021/01/12,3764.6493,3906.1225
2021/01/13,3913.999,3873.2285
2021/01/14,3863.0972,3811.2242
2021/01/15,3825.5412,3817.9345
2021/01/18,3807.9917,3849.3982
2021/01/19,3855.7473,3808.694
2021/01/20,3813.9062,3814.6537
2021/01/21,3833.7837,3850.0559
2021/01/22,3851.1337,3846.3945
2021/01/25,3843.4923,3898.1473
2021/01/26,3878.2543,3813.2902
2021/01/27,3818.4218,3818.2682
2021/01/28,3771.7856,3735.0337
2021/01/29,3758.8879,3713.2471
2021/02/01,3712.7833,3746.3717
2021/02/02,3751.7405,3771.47
2021/02/03,3768.7147,3775.7224
2021/02/04,3764.4252,3801.6178
2021/02/05,3819.8013,3840.7663
2021/02/08,3856.943,3890.4654
2021/02/09,3900.8562,3952.8276
2021/02/10,3967.677,4028.5289
2021/02/18,4097.8661,4014.3241
2021/02/19,3994.8258,4014.4564
2021/02/22,4020.0092,3881.8681
2021/02/23,3854.1638,3897.7164
2021/02/24,3902.3629,3805.4719
2021/02/25,3844.6156,3851.029
2021/02/26,3768.8968,3756.8597
2021/03/01,3793.3653,3787.8695
2021/03/02,3812.3503,3718.7739
2021/03/03,3710.2632,3817.4128
2021/03/04,3769.973,3708.6606
2021/03/05,3655.9072,3688.6818
2021/03/08,3713.4587,3573.431
2021/03/09,3570.2561,3509.6137
2021/03/10,3563.5639,3532.0523
2021/03/11,3554.6825,3625.3052
2021/03/12,3647.5097,3632.5784
2021/03/15,3620.0419,3566.8773
2021/03/16,3579.0111,3599.1646
2021/03/17,3588.2332,3590.8339
2021/03/18,3598.8499,3605.6047
2021/03/19,3565.0925,3512.0203
2021/03/22,3516.6567,3538.4271
2021/03/23,3541.3289,3516.3626
2021/03/24,3507.5484,3466.0422
2021/03/25,3454.4611,3463.8727
2021/03/26,3483.6948,3529.7282
2021/03/29,3543.2452,3537.711
2021/03/30,3541.3771,3577.2434
2021/03/31,3573.8565,3539.3696
2021/04/01,3547.4607,3582.6499
2021/04/02,3592.884,3616.7636
2021/04/06,3624.8038,3594.7093
2021/04/07,3593.1734,3558.4688
2021/04/08,3541.055,3573.037
2021/04/09,3564.6567,3514.1106
2021/04/12,3505.7143,3477.0654
2021/04/13,3483.013,3461.4592
2021/04/14,3469.3957,3469.1727
2021/04/15,3456.5484,3431.4931
2021/04/16,3445.0941,3448.1042
2021/04/19,3449.0487,3513.3953
2021/04/20,3496.8069,3510.1239
2021/04/21,3493.793,3516.0976
2021/04/22,3521.9769,3487.4271
2021/04/23,3487.1219,3524.0216
2021/04/26,3540.5344,3467.6605
2021/04/27,3469.9785,3476.3018
2021/04/28,3457.1739,3473.0389
2021/04/29,3483.1026,3517.2104
2021/04/30,3518.8644,3491.1877
2021/05/06,3475.0511,3449.9385
2021/05/07,3457.9077,3406.3103
2021/05/10,3410.0086,3399.9849
2021/05/11,3380.6283,3437.7135
2021/05/12,3423.4199,3447.8617
2021/05/13,3418.5814,3413.8886
2021/05/14,3426.4251,3503.037
2021/05/17,3502.7402,3539.9125
2021/05/18,3543.1099,3537.6963
2021/05/19,3531.7877,3511.4674
2021/05/20,3514.4281,3522.4512
2021/05/21,3532.8724,3481.8619
2021/05/24,3482.9926,3497.7469
2021/05/25,3505.8143,3641.2918
2021/05/26,3656.3403,3657.1898
2021/05/27,3645.4823,3664.9417
2021/05/28,3663.8753,3659.2957
2021/05/31,3652.8877,3650.2245
2021/06/01,3641.969,3650.9034
2021/06/02,3661.9417,3622.3976
2021/06/03,3620.7909,3591.1561
2021/06/04,3574.3011,3612.7014
2021/06/07,3610.8912,3601.1091
2021/06/08,3597.9428,3580.2836
2021/06/09,3575.487,3587.5321
2021/06/10,3588.1427,3607.6792
2021/06/11,3610.137,3576.7773
2021/06/15,3570.4047,3528.6683
2021/06/16,3525.7495,3486.2876
2021/06/17,3477.4715,3481.6004
2021/06/18,3475.5463,3454.5885
2021/06/21,3440.7437,3431.2522
2021/06/22,3444.75,3464.7057
2021/06/23,3469.2794,3471.3411
2021/06/24,3476.6826,3483.9093
2021/06/25,3483.1607,3535.0185
2021/06/28,3541.1047,3520.7434
2021/06/29,3514.3234,3482.7333
2021/06/30,3477.3816,3498.6485
2021/07/01,3510.5582,3535.249
2021/07/02,3495.5976,3408.2369
2021/07/05,3402.109,3404.7907
2021/07/06,3405.4701,3405.2788
2021/07/07,3384.5665,3424.3897
2021/07/08,3432.8889,3373.2555
2021/07/09,3359.2038,3361.5946
2021/07/12,3385.1213,3384.5074
2021/07/13,3384.7479,3391.742
2021/07/14,3385.3893,3339.381
2021/07/15,3335.0508,3411.2888
2021/07/16,3405.3991,3369.8994
2021/07/19,3362.5786,3385.3664
2021/07/20,3364.3137,3378.6292
2021/07/21,3385.1353,3388.5201
2021/07/22,3386.9106,3392.7165
2021/07/23,3389.3984,3357.447
2021/07/26,3339.8647,3228.3698
2021/07/27,3228.4377,3126.3757
2021/07/28,3107.1201,3154.6353
2021/07/29,3206.4363,3182.796
2021/07/30,3160.4669,3132.8205
2021/08/02,3112.2967,3211.1441
2021/08/03,3197.8908,3223.8257
2021/08/04,3219.3987,3233.103
2021/08/05,3214.4692,3227.3592
2021/08/06,3211.6396,3195.696
2021/08/09,3171.095,3235.2064
2021/08/10,3231.1455,3288.6513
2021/08/11,3280.8107,3262.5751
2021/08/12,3247.8004,3226.1135
2021/08/13,3212.3327,3217.8366
2021/08/16,3212.6626,3222.6222
2021/08/17,3219.8254,3149.8783
2021/08/18,3148.3815,3190.5518
2021/08/19,3179.9253,3144.3746
2021/08/20,3105.1569,3072.7545
2021/08/23,3079.2893,3099.8867
2021/08/24,3106.2302,3147.7685
2021/08/25,3160.7442,3159.8034
2021/08/26,3156.914,3088.8314
2021/08/27,3086.0474,3123.049
2021/08/30,3141.1201,3112.7022
2021/08/31,3099.4714,3097.0584
2021/09/01,3087.2561,3165.0371
2021/09/02,3166.2725,3167.0972
2021/09/03,3172.4982,3175.8791
2021/09/06,3175.8824,3211.198
2021/09/07,3210.2688,3248.0524
2021/09/08,3240.997,3213.2567
2021/09/09,3195.9879,3204.2782
2021/09/10,3203.0586,3252.3246
2021/09/13,3246.8584,3242.0364
2021/09/14,3243.6766,3188.2607
2021/09/15,3180.5492,3146.6337
2021/09/16,3145.4391,3128.5886
2021/09/17,3117.9287,3161.9221
2021/09/22,3100.3896,3122.3371
2021/09/23,3135.7478,3127.8207
2021/09/24,3120.4268,3145.112
2021/09/27,3162.4282,3199.9747
2021/09/28,3197.0375,3211.1538
2021/09/29,3186.1208,3199.2259
2021/09/30,3202.0167,3196.9905
2021/10/08,3229.0693,3256.2613
2021/10/11,3264.7216,3276.4071
2021/10/12,3266.0205,3259.3796
2021/10/13,3257.3966,3292.7624
2021/10/14,3289.9812,3270.692
2021/10/15,3258.5684,3294.8333
2021/10/18,3289.3212,3229.6313
2021/10/19,3227.0068,3256.668
2021/10/20,3264.4728,3254.9981
2021/10/21,3256.6054,3278.5419
2021/10/22,3287.9324,3318.1275
2021/10/25,3295.2473,3312.3031
2021/10/26,3312.3042,3290.0363
2021/10/27,3282.2645,3247.0966
2021/10/28,3240.5385,3239.6104
2021/10/29,3241.9123,3267.2491
2021/11/01,3239.8888,3250.915
2021/11/02,3245.0374,3212.0258
2021/11/03,3207.7371,3181.4505
2021/11/04,3194.4739,3207.2639
2021/11/05,3197.6121,3201.5462
2021/11/08,3198.69,3196.2701
2021/11/09,3206.2911,3186.9577
2021/11/10,3177.6107,3170.4046
2021/11/11,3169.0128,3233.3702
2021/11/12,3239.3489,3220.5481
2021/11/15,3228.0207,3221.6866
2021/11/16,3222.507,3222.1731
2021/11/17,3217.1047,3208.7759
2021/11/18,3199.2102,3173.3758
2021/11/19,3170.7885,3212.9077
2021/11/22,3217.332,3212.1514
2021/11/23,3206.9401,3224.1546
2021/11/24,3226.0202,3231.8354
2021/11/25,3233.2599,3218.0514
2021/11/26,3213.6307,3187.3579
2021/11/29,3170.6945,3187.0485
2021/11/30,3186.2535,3165.3496
2021/12/01,3166.6133,3180.418
2021/12/02,3179.9886,3190.8718
2021/12/03,3191.1742,3221.4223
2021/12/06,3234.4305,3228.1422
2021/12/07,3255.5554,3254.4994
2021/12/08,3263.2584,3304.708
2021/12/09,3312.3332,3360.1836
2021/12/10,3339.2392,3353.6302
2021/12/13,3391.6223,3366.0678
2021/12/14,3353.0296,3350.4973
2021/12/15,3340.7493,3318.9801
2021/12/16,3312.701,3330.8561
2021/12/17,3321.6691,3278.8985
2021/12/20,3264.098,3255.3515
2021/12/21,3253.2868,3273.0313
2021/12/22,3280.6942,3260.5711
2021/12/23,3265.7065,3287.1877
2021/12/24,3293.3011,3290.2357
2021/12/27,3286.111,3278.4365
2021/12/28,3282.5996,3303.4002
2021/12/29,3308.2134,3240.8452
2021/12/30,3240.2631,3261.7937
2021/12/31,3269.6113,3274.3209
2022/01/04,3277.6652,3264.0657
2022/01/05,3259.2059,3254.2793
2022/01/06,3242.5327,3210.3853
2022/01/07,3213.2642,3223.267
2022/01/10,3217.3451,3236.1163
2022/01/11,3229.459,3214.5287
2022/01/12,3220.1944,3236.3081
2022/01/13,3243.0468,3184.1069
2022/01/14,3173.8485,3139.0453
2022/01/17,3139.4109,3147.6987
2022/01/18,3147.8455,3187.5244
2022/01/19,3194.9189,3187.1921
2022/01/20,3188.1377,3233.7011
2022/01/21,3227.2023,3218.7352
2022/01/24,3204.1785,3209.7445
2022/01/25,3192.1213,3144.949
2022/01/26,3156.6496,3163.6743
2022/01/27,3168.1353,3119.2386
2022/01/28,3127.1756,3054.0209
2022/02/07,3102.6201,3114.2603
2022/02/08,3107.8857,3116.5048
2022/02/09,3118.969,3139.5636
2022/02/10,3145.3284,3145.1126
2022/02/11,3133.7956,3142.9117
2022/02/14,3131.3937,3103.997
2022/02/15,3101.3643,3119.9276
2022/02/16,3134.8826,3136.0821
2022/02/17,3138.7704,3139.1771
2022/02/18,3126.2777,3162.8215
2022/02/21,3155.3175,3144.8649
2022/02/22,3122.04,3102.3249
2022/02/23,3108.9033,3118.0376
2022/02/24,3098.1408,3059.6409
2022/02/25,3076.8047,3075.5872
2022/02/28,3069.0995,3080.7774
2022/03/01,3093.9299,3125.6905
2022/03/02,3108.62,3107.2405
2022/03/03,3117.6482,3097.0887
2022/03/04,3068.3984,3062.3824
2022/03/07,3042.0158,2974.6762
2022/03/08,2983.0484,2933.1637
2022/03/09,2949.333,2907.1781
2022/03/10,2969.485,2933.4611
2022/03/11,2897.3427,2935.684
2022/03/14,2889.8347,2851.8769
2022/03/15,2808.725,2702.8532
2022/03/16,2746.1498,2827.7497
2022/03/17,2888.2367,2877.2192
2022/03/18,2869.7011,2913.1854
2022/03/21,2919.2616,2892.1069
2022/03/22,2893.5691,2900.7676
2022/03/23,2908.9653,2916.5081
2022/03/24,2898.1436,2903.617
2022/03/25,2898.4911,2856.4277
2022/03/28,2817.2602,2853.1819
2022/03/29,2854.8023,2842.1531
2022/03/30,2864.241,2915.4906
2022/03/31,2901.0743,2898.8261
2022/04/01,2886.3607,2943.2437
2022/04/06,2918.5034,2931.1983
2022/04/07,2916.8031,2902.4818
2022/04/08,2903.2396,2925.4913
2022/04/11,2908.5416,2846.38
2022/04/12,2854.2871,2894.2583
2022/04/13,2881.7352,2882.2788
2022/04/14,2905.7734,2928.5962
2022/04/15,2911.1385,2930.5784
2022/04/18,2902.4437,2887.7208
2022/04/19,2881.9007,2861.567
2022/04/20,2859.6043,2835.3517
2022/04/21,2821.3586,2797.5293
2022/04/22,2773.3676,2814.1273
2022/04/25,2750.5552,2683.4127
2022/04/26,2685.274,2681.0281
2022/04/27,2674.4553,2734.5403
2022/04/28,2725.6322,2769.7122
2022/04/29,2772.9461,2805.3359
2022/05/05,2806.0436,2800.9291
2022/05/06,2754.9706,2719.7611
2022/05/09,2706.4171,2695.1325
2022/05/10,2653.9917,2718.3706
2022/05/11,2714.6817,2741.2324
2022/05/12,2723.409,2721.7699
2022/05/13,2741.7711,2748.2369
2022/05/16,2764.3861,2720.4055
2022/05/17,2730.4226,2756.74
2022/05/18,2765.2755,2745.5279
2022/05/19,2711.4537,2744.545
2022/05/20,2759.8347,2807.942
2022/05/23,2813.9332,2782.5478
2022/05/24,2784.6535,2734.1923
2022/05/25,2737.6447,2743.4166
2022/05/26,2749.9854,2744.8984
2022/05/27,2766.3198,2763.0717
2022/05/30,2777.8494,2778.4507
2022/05/31,2780.5604,2813.2188
2022/06/01,2811.1526,2798.0681
2022/06/02,2786.0797,2790.3164
2022/06/06,2792.4402,2825.6505
2022/06/07,2828.163,2846.8098
2022/06/08,2857.694,2879.3113
2022/06/09,2877.8819,2868.4236
2022/06/10,2843.5811,2899.5785
2022/06/13,2862.9035,2844.7236
2022/06/14,2814.8173,2882.7031
2022/06/15,2882.1512,2923.9889
2022/06/16,2927.1608,2891.3354
2022/06/17,2876.5108,2936.1999
2022/06/20,2935.2231,2924.9151
2022/06/21,2924.1463,2926.475
2022/06/22,2932.0561,2892.2861
2022/06/23,2896.7226,2935.8829
2022/06/24,2945.289,2974.7537
2022/06/27,2991.1018,3013.948
2022/06/28,3012.6224,3039.4133
2022/06/29,3029.3837,3009.2359
2022/06/30,3001.8126,3058.3976
2022/07/01,3066.5852,3045.2687
2022/07/04,3031.0597,3050.1516
2022/07/05,3058.4295,3052.1113
2022/07/06,3041.4895,2996.7279
2022/07/07,2994.3623,2989.2081
2022/07/08,3012.8817,2993.3063
2022/07/11,2974.3586,2942.2959
2022/07/12,2942.5193,2922.0045
2022/07/13,2918.3473,2914.2949
2022/07/14,2906.481,2895.299
2022/07/15,2873.8149,2839.3936
2022/07/18,2849.9879,2878.6393
2022/07/19,2876.3168,2865.6029
2022/07/20,2883.5151,2874.0775
2022/07/21,2862.8668,2836.6615
2022/07/22,2845.9245,2848.436
2022/07/25,2846.8323,2837.2596
2022/07/26,2845.1395,2854.6387
2022/07/27,2847.0085,2829.9217
2022/07/28,2839.2535,2827.1067
2022/07/29,2827.4744,2792.3287
2022/08/01,2785.6929,2781.6822
2022/08/02,2757.1929,2730.7553
2022/08/03,2735.1587,2710.7238
2022/08/04,2724.8043,2741.0872
2022/08/05,2748.649,2774.3351
2022/08/08,2762.316,2761.1571
2022/08/09,2760.2361,2764.068
2022/08/10,2762.3643,2730.9608
2022/08/11,2744.6807,2787.0631
2022/08/12,2780.0481,2796.8887
2022/08/15,2787.5077,2782.666
2022/08/16,2785.9414,2769.2609
2022/08/17,2773.3874,2785.8529
2022/08/18,2778.1255,2759.2944
2022/08/19,2755.0871,2750.6305
2022/08/22,2737.3986,2756.3688
2022/08/23,2754.6338,2735.666
2022/08/24,2738.3837,2708.0902
2022/08/25,2715.6384,2752.556
2022/08/26,2758.507,2751.5894
2022/08/29,2721.8592,2732.2055
2022/08/30,2731.9805,2726.6602
2022/08/31,2713.2938,2761.7831
2022/09/01,2750.0334,2732.399
2022/09/02,2737.1969,2711.2642
2022/09/05,2700.1077,2697.7665
2022/09/06,2706.0966,2724.498
2022/09/07,2709.7667,2710.6862
2022/09/08,2714.0277,2708.2782
2022/09/09,2719.0141,2757.5659
2022/09/13,2769.4104,2769.2348
2022/09/14,2734.91,2745.4284
2022/09/15,2753.1287,2743.7886
2022/09/16,2731.9648,2678.0331
2022/09/19,2677.3329,2679.5857
2022/09/20,2688.1681,2673.8804
2022/09/21,2667.168,2652.2142
2022/09/22,2631.9968,2629.3701
2022/09/23,2625.2488,2629.8089
2022/09/26,2612.6673,2614.8998
2022/09/27,2616.0501,2642.9212
2022/09/28,2635.2559,2611.9815
2022/09/29,2633.0681,2608.9774
2022/09/30,2618.0789,2610.1165
2022/10/10,2610.7571,2545.0494
2022/10/11,2552.1656,2539.9455
2022/10/12,2537.8069,2555.024
2022/10/13,2534.5129,2523.6321
2022/10/14,2544.2413,2584.6847
2022/10/17,2572.6092,2585.4973
2022/10/18,2594.7001,2569.9675
2022/10/19,2562.5446,2519.9033
2022/10/20,2495.0223,2501.4956
2022/10/21,2503.1087,2487.221
2022/10/24,2468.6977,2392.5978
2022/10/25,2386.8489,2394.92
2022/10/26,2395.8709,2400.5156
2022/10/27,2413.0208,2381.2628
2022/10/28,2364.7518,2326.9417
2022/10/31,2300.8835,2295.9239
2022/11/01,2306.4347,2396.6294
2022/11/02,2385.7075,2418.3222
2022/11/03,2396.47,2387.4523
2022/11/04,2383.9618,2468.2764
2022/11/07,2452.0053,2477.7666
2022/11/08,2476.6525,2459.0913
2022/11/09,2460.2399,2440.352
2022/11/10,2422.0105,2440.3171
2022/11/11,2511.7787,2518.0491
2022/11/14,2550.9736,2538.2967
2022/11/15,2535.2782,2583.7231
2022/11/16,2581.9333,2572.8872
2022/11/17,2566.2824,2560.0167
2022/11/18,2563.2714,2546.7154
2022/11/21,2523.0529,2514.8539
2022/11/22,2516.6952,2531.3437
2022/11/23,2524.1846,2535.5226
2022/11/24,2550.2969,2520.5634
2022/11/25,2518.8762,2544.6147
2022/11/28,2489.4675,2503.6228
2022/11/29,2538.6091,2607.7499
2022/11/30,2595.2327,2606.5427
2022/12/01,2661.1768,2631.2051
2022/12/02,2628.1079,2614.6137
2022/12/05,2647.458,2676.1429
2022/12/06,2663.1118,2684.8458
2022/12/07,2678.6369,2670.647
2022/12/08,2667.3587,2672.8957
2022/12/09,2676.7142,2706.7388
2022/12/12,2689.5717,2673.9391
2022/12/13,2673.5365,2676.8995
2022/12/14,2678.4681,2686.3682
2022/12/15,2689.5721,2675.1875
2022/12/16,2662.4808,2688.2899
2022/12/19,2688.1195,2646.1789
2022/12/20,2636.0792,2599.4882
2022/12/21,2608.8688,2607.4236
2022/12/22,2632.2018,2619.7569
2022/12/23,2602.4119,2615.8794
2022/12/26,2617.1819,2607.5229
2022/12/27,2623.1749,2632.4526
2022/12/28,2629.9846,2638.3055
2022/12/29,2622.1933,2622.0716
2022/12/30,2633.1636,2635.2484
2023/01/03,2628.6723,2641.4218
2023/01/04,2644.291,2651.005
2023/01/05,2670.4576,2700.3082
2023/01/06,2704.2375,2713.6307
2023/01/09,2730.9952,2742.2014
2023/01/10,2742.6969,2733.6188
2023/01/11,2739.9372,2740.1927
2023/01/12,2749.6944,2741.9454
2023/01/13,2751.5819,2787.3561
2023/01/16,2789.8713,2834.2913
2023/01/17,2833.7402,2827.0272
2023/01/18,2829.7861,2810.086
2023/01/19,2807.5616,2820.8067
2023/01/20,2831.6823,2836.807
2023/01/30,2895.3546,2839.1216
2023/01/31,2842.5178,2807.9519
2023/02/01,2819.1796,2820.8742
2023/02/02,2828.5306,2811.8468
2023/02/03,2795.1088,2774.8009
2023/02/06,2744.7003,2735.0045
2023/02/07,2744.6958,2740.4446
2023/02/08,2744.4896,2731.2516
2023/02/09,2725.2019,2761.872
2023/02/10,2757.5304,2746.7231
2023/02/13,2739.717,2767.7933
2023/02/14,2770.2442,2776.9822
2023/02/15,2776.0144,2752.3385
2023/02/16,2754.9507,2742.8042
2023/02/17,2737.0106,2714.2891
2023/02/20,2720.0472,2788.3958
2023/02/21,2785.9941,2802.1357
2023/02/22,2786.7187,2769.344
2023/02/23,2770.7154,2767.5352
2023/02/24,2762.79,2727.5902
2023/02/27,2713.425,2723.5835
2023/02/28,2730.5193,2737.1547
2023/03/01,2736.0497,2773.6494
2023/03/02,2766.0779,2769.1077
2023/03/03,2778.8926,2774.5079
2023/03/06,2773.2724,2744.1406
2023/03/07,2741.7908,2713.1681
2023/03/08,2698.5899,2691.9327
2023/03/09,2694.1527,2671.8434
2023/03/10,2648.8073,2636.3891
2023/03/13,2637.8206,2664.0378
2023/03/14,2658.2807,2645.1143
2023/03/15,2666.9444,2648.3852
2023/03/16,2627.038,2622.8232
2023/03/17,2644.9526,2628.5911
2023/03/20,2632.248,2616.7505
2023/03/21,2623.5778,2643.3583
2023/03/22,2652.712,2651.5343
2023/03/23,2641.8178,2668.6691
2023/03/24,2664.532,2653.285
2023/03/27,2652.7927,2639.6226
2023/03/28,2646.9812,2638.7377
2023/03/29,2655.4057,2636.2229
2023/03/30,2639.3611,2664.2119
2023/03/31,2670.9476,2661.9197
2023/04/03,2667.1835,2665.7232
2023/04/04,2668.4018,2675.9173
2023/04/06,2668.1306,2666.4478
2023/04/07,2667.1443,2684.8618
2023/04/10,2690.4303,2684.9086
2023/04/11,2690.6257,2680.0435
2023/04/12,2684.0538,2665.7695
2023/04/13,2659.9407,2670.0139
2023/04/14,2679.1314,2679.0072
2023/04/17,2680.6263,2732.974
2023/04/18,2724.4934,2744.4539
2023/04/19,2746.0632,2720.718
2023/04/20,2718.238,2704.8577
2023/04/21,2703.4001,2654.211
2023/04/24,2655.0845,2618.4783
2023/04/25,2621.0217,2619.2326
2023/04/26,2614.9585,2617.9775
2023/04/27,2618.4568,2650.5699
2023/04/28,2653.1382,2677.7565
2023/05/04,2663.4516,2692.691
2023/05/05,2698.5897,2685.1732
2023/05/08,2694.5675,2720.323
2023/05/09,2723.1877,2703.937
2023/05/10,2698.7661,2673.9063
2023/05/11,2682.3779,2666.0615
2023/05/12,2662.8029,2630.9479
2023/05/15,2628.4618,2677.0372
2023/05/16,2681.3948,2670.4505
2023/05/17,2666.0391,2649.3562
2023/05/18,2653.0093,2644.2176
2023/05/19,2632.5883,2633.3861
2023/05/22,2630.1073,2658.7887
2023/05/23,2657.9211,2617.5398
2023/05/24,2615.5652,2577.3423
2023/05/25,2567.4484,2564.5045
2023/05/26,2562.548,2559.6142
2023/05/29,2565.5919,2548.2861
2023/05/30,2546.1668,2535.1442
2023/05/31,2524.7852,2493.3496
2023/06/01,2487.7614,2500.3396
2023/06/02,2511.6887,2543.5764
2023/06/05,2540.0193,2528.399
2023/06/06,2528.1705,2519.1892
2023/06/07,2528.8509,2511.3925
2023/06/08,2512.4493,2540.0645
2023/06/09,2541.0262,2543.9316
2023/06/12,2536.3759,2542.1962
2023/06/13,2535.9888,2544.9504
2023/06/14,2549.6657,2541.8134
2023/06/15,2547.4931,2576.7424
2023/06/16,2581.9668,2600.9191
2023/06/19,2591.3342,2560.5289
2023/06/20,2558.0983,2547.2541
2023/06/21,2536.951,2519.0787
2023/06/26,2500.8549,2488.7383
2023/06/27,2490.9775,2506.5991
2023/06/28,2501.1627,2510.7153
2023/06/29,2510.8894,2490.8971
2023/06/30,2484.6471,2492.102
2023/07/03,2496.9222,2534.4735
2023/07/04,2532.5929,2537.5956
2023/07/05,2533.1936,2520.1751
2023/07/06,2513.4349,2501.3167
2023/07/07,2493.4877,2489.5351
2023/07/10,2501.5277,2503.2767
2023/07/11,2513.7126,2518.5282
2023/07/12,2516.6806,2513.417
2023/07/13,2519.3819,2546.3809
2023/07/14,2554.6419,2547.9393
2023/07/17,2535.6389,2520.7864
2023/07/18,2520.6224,2511.6351
2023/07/19,2506.4151,2517.106
2023/07/20,2523.2684,2506.863
2023/07/21,2501.3999,2509.2927
2023/07/24,2492.2164,2499.9998
2023/07/25,2539.4846,2578.3511
2023/07/26,2574.8065,2576.3902
2023/07/27,2580.2428,2575.3646
2023/07/28,2564.8738,2647.0315
2023/07/31,2666.4857,2653.369
2023/08/01,2652.2365,2645.8929
2023/08/02,2635.5453,2620.6844
2023/08/03,2617.7909,2645.1526
2023/08/04,2664.5865,2648.8447
2023/08/07,2635.7775,2634.5809
2023/08/08,2625.6672,2631.3774
2023/08/09,2623.1513,2628.7041
2023/08/10,2623.7991,2629.4432
2023/08/11,2630.9874,2568.8984
2023/08/14,2538.8476,2549.2843
2023/08/15,2550.9372,2546.442
2023/08/16,2533.9013,2530.8097
2023/08/17,2516.745,2536.4891
2023/08/18,2537.1357,2507.5798
2023/08/21,2498.1276,2475.0897
2023/08/22,2485.5578,2493.7638
2023/08/23,2491.368,2461.1872
2023/08/24,2468.3246,2480.7518
2023/08/25,2468.7355,2485.3343
2023/08/28,2612.3112,2518.1857
2023/08/29,2512.3171,2529.2228
2023/08/30,2540.8405,2522.5419
2023/08/31,2526.6858,2510.4577
2023/09/01,2520.6987,2532.2541
2023/09/04,2550.1716,2577.4651
2023/09/05,2569.7582,2561.7902
2023/09/06,2553.5942,2559.3574
2023/09/07,2552.363,2534.1555
2023/09/08,2527.4581,2519.9694
2023/09/11,2519.2958,2536.1714
2023/09/12,2533.5963,2531.8257
2023/09/13,2536.3867,2524.5413
2023/09/14,2529.1927,2530.9791
2023/09/15,2538.2582,2514.9794
2023/09/18,2509.1464,2531.8974
2023/09/19,2529.4833,2532.2789
2023/09/20,2527.7502,2521.562
2023/09/21,2515.468,2495.7393
2023/09/22,2498.2434,2550.9827
2023/09/25,2548.8881,2529.1496
2023/09/26,2526.3517,2513.4072
2023/09/27,2515.8197,2520.1395
2023/09/28,2530.2283,2507.0857
2023/10/09,2497.4745,2499.5666
2023/10/10,2510.5059,2482.5345
2023/10/11,2497.5609,2490.855
2023/10/12,2518.8323,2514.3904
2023/10/13,2495.147,2489.1251
2023/10/16,2490.916,2468.4363
2023/10/17,2474.1244,2478.9047
2023/10/18,2471.5883,2467.1915
2023/10/19,2450.1695,2401.9299
2023/10/20,2394.6194,2389.2196
2023/10/23,2380.3025,2369.9347
2023/10/24,2374.8732,2378.4389
2023/10/25,2402.7489,2386.3026
2023/10/26,2375.0391,2393.7344
2023/10/27,2383.989,2414.9125
2023/10/30,2406.9459,2414.1562
2023/10/31,2409.8949,2411.4794
2023/11/01,2456.3813,2420.7346
2023/11/02,2429.7186,2417.459
2023/11/03,2419.6868,2436.9411
2023/11/06,2452.8399,2456.7745
2023/11/07,2450.2667,2443.9657
2023/11/08,2436.8736,2436.6983
2023/11/09,2428.508,2436.2349
2023/11/10,2424.4922,2414.0167
2023/11/13,2415.9565,2407.5885
2023/11/14,2410.4772,2406.3969
2023/11/15,2428.8202,2427.1241
2023/11/16,2422.8485,2404.3187
2023/11/17,2396.5932,2398.2037
2023/11/20,2399.764,2404.7673
2023/11/21,2415.1327,2416.241
2023/11/22,2408.9768,2396.904
2023/11/23,2393.4946,2405.1654
2023/11/24,2403.9218,2391.0208
2023/11/27,2387.9822,2370.7186
2023/11/28,2368.9202,2371.212
2023/11/29,2374.0329,2358.1163
2023/11/30,2358.2063,2365.9963
2023/12/01,2362.6263,2352.0003
2023/12/04,2351.3111,2333.8788
2023/12/05,2327.3356,2286.5809
2023/12/06,2281.7323,2284.0636
2023/12/07,2280.0917,2274.8281
2023/12/08,2274.1843,2281.6486
2023/12/11,2264.9938,2292.6788
2023/12/12,2285.2072,2305.138
2023/12/13,2298.2734,2261.0183
2023/12/14,2274.2482,2249.9385
2023/12/15,2262.0374,2245.2883
2023/12/18,2237.0059,2251.2303
2023/12/19,2248.4528,2257.2098
2023/12/20,2253.6767,2237.5812
2023/12/21,2228.7701,2261.3818
2023/12/22,2262.1606,2270.5018
2023/12/25,2266.3922,2272.9578
2023/12/26,2273.0451,2262.2095
2023/12/27,2263.4871,2266.5441
2023/12/28,2267.0558,2317.7033
2023/12/29,2314.0684,2326.1732
2024/01/02,2316.4348,2292.2286
2024/01/03,2287.755,2294.8357
2024/01/04,2293.4576,2279.0361
2024/01/05,2272.9358,2268.5377
2024/01/08,2265.2418,2243.8422
2024/01/09,2243.4096,2245.6219
2024/01/10,2239.0296,2235.2089
2024/01/11,2234.8184,2240.1061
2024/01/12,2231.2855,2237.2073
2024/01/15,2227.3616,2238.5029
2024/01/16,2231.8236,2248.975
2024/01/17,2241.0157,2199.2587
2024/01/18,2191.8887,2238.4588
2024/01/19,2227.7329,2243.5396
2024/01/22,2237.7734,2230.6094
2024/01/23,2220.4989,2226.3713
2024/01/24,2238.3319,2260.5575
2024/01/25,2264.0223,2312.8544
2024/01/26,2303.3217,2314.3741
2024/01/29,2312.6973,2304.4364
2024/01/30,2292.2206,2270.9789
2024/01/31,2261.1181,2254.2994
2024/02/01,2245.4753,2248.268
2024/02/02,2252.6543,2229.0142
2024/02/05,2221.9449,2255.2809
2024/02/06,2250.1109,2318.8418
2024/02/07,2323.1248,2344.1508
2024/02/08,2345.0777,2352.5775
2024/02/19,2368.4482,2371.5483
2024/02/20,2367.9194,2369.0834
2024/02/21,2359.1823,2410.2278
2024/02/22,2403.8752,2433.0819
2024/02/23,2431.8661,2433.4073
2024/02/26,2427.2297,2393.5488
2024/02/27,2383.1353,2405.0609
2024/02/28,2405.8777,2385.6099
2024/02/29,2378.1383,2413.1361
2024/03/01,2408.3023,2414.8439
2024/03/04,2412.0795,2418.584
2024/03/05,2410.4615,2446.4173
2024/03/06,2443.8508,2434.1156
2024/03/07,2430.4238,2426.9732
2024/03/08,2423.135,2426.1679
2024/03/11,2426.7266,2443.1064
2024/03/12,2443.2323,2450.4693
2024/03/13,2445.7963,2427.5969
2024/03/14,2431.7713,2423.8556
2024/03/15,2417.5715,2427.1969
2024/03/18,2424.9223,2438.1911
2024/03/19,2430.3039,2416.8349
2024/03/20,2412.6074,2426.4586
2024/03/21,2432.9314,2427.101
2024/03/22,2417.9371,2403.2023
2024/03/25,2398.3207,2401.2113
2024/03/26,2404.2053,2413.7415
2024/03/27,2408.9144,2398.9372
2024/03/28,2395.2173,2401.9872
2024/03/29,2399.4562,2414.9202
2024/04/01,2422.7347,2441.5668
2024/04/02,2441.4887,2435.7569
2024/04/03,2439.432,2430.169
2024/04/08,2419.0293,2414.091
2024/04/09,2411.7806,2404.6089
2024/04/10,2403.7309,2396.7427
2024/04/11,2383.7027,2394.8667
2024/04/12,2397.2842,2374.0471
2024/04/15,2367.8597,2424.0168
2024/04/16,2414.7557,2412.3219
2024/04/17,2407.9642,2439.8558
2024/04/18,2430.7033,2445.2049
2024/04/19,2433.9779,2430.5819
2024/04/22,2433.1809,2424.7473
2024/04/23,2420.623,2413.7392
2024/04/24,2422.6267,2424.119
2024/04/25,2419.5,2431.6221
2024/04/26,2432.7579,2461.8556
2024/04/29,2458.1779,2474.3397
2024/04/30,2473.5136,2464.2435
2024/05/06,2495.4666,2495.7617
2024/05/07,2496.015,2499.7709
2024/05/08,2495.6236,2486.0186
2024/05/09,2483.6604,2501.7305
2024/05/10,2508.0613,2508.5753
2024/05/13,2499.6901,2506.4593
2024/05/14,2507.1984,2496.7361
2024/05/15,2494.7637,2477.3895
2024/05/16,2484.2721,2489.4139
2024/05/17,2492.5712,2524.1705
2024/05/20,2529.9164,2532.824
2024/05/21,2526.9372,2525.2326
2024/05/22,2524.6935,2529.0398
2024/05/23,2518.1441,2500.821
2024/05/24,2494.3678,2474.4254
2024/05/27,2478.2589,2497.6006
2024/05/28,2498.026,2490.1614
2024/05/29,2489.5185,2493.1691
2024/05/30,2488.319,2473.758
2024/05/31,2480.2132,2462.1831
2024/06/03,2461.3502,2469.0165
2024/06/04,2465.6099,2483.3189
2024/06/05,2477.3066,2468.1918
2024/06/06,2474.2323,2467.8865
2024/06/07,2473.1743,2457.2569
2024/06/11,2444.5482,2423.6184
2024/06/12,2420.8987,2423.607
2024/06/13,2425.9228,2412.0736
2024/06/14,2405.7899,2426.509
2024/06/17,2412.092,2416.3414
2024/06/18,2412.5472,2415.4281
2024/06/19,2410.4721,2413.9722
2024/06/20,2413.3933,2408.3379
2024/06/21,2406.2173,2398.9571
2024/06/24,2383.8657,2404.0848
2024/06/25,2403.7287,2394.2154
2024/06/26,2388.4994,2398.2556
2024/06/27,2391.6869,2388.5609
2024/06/28,2382.1171,2394.8746
2024/07/01,2395.1996,2405.4665
2024/07/02,2400.1671,2416.6793
2024/07/03,2417.1757,2414.8657
2024/07/04,2417.2756,2407.9029
2024/07/05,2405.6106,2386.004
2024/07/08,2375.6838,2371.6891
2024/07/09,2365.931,2389.3843
2024/07/10,2378.8044,2381.831
2024/07/11,2387.6651,2396.407
2024/07/12,2397.7292,2412.6181
2024/07/15,2405.9183,2420.5214
2024/07/16,2412.2553,2424.755
2024/07/17,2422.8828,2432.8325
2024/07/18,2426.3399,2444.5086
2024/07/19,2429.8049,2456.79
2024/07/22,2454.2441,2432.5496
2024/07/23,2429.0864,2396.6727
2024/07/24,2393.2316,2390.954
2024/07/25,2384.6349,2369.7153
2024/07/26,2364.9113,2355.3163
2024/07/29,2352.5061,2348.4784
2024/07/30,2341.9086,2335.3123
2024/07/31,2332.6518,2375.3942
2024/08/01,2373.4708,2360.422
2024/08/02,2344.4182,2343.7153
2024/08/05,2334.5923,2328.9222
2024/08/06,2342.8423,2313.3361
2024/08/07,2311.9113,2314.4261
2024/08/08,2310.9616,2320.4245
2024/08/09,2332.6705,2317.9915
2024/08/12,2314.2612,2316.9106
2024/08/13,2318.9729,2317.6526
2024/08/14,2317.8882,2306.1154
2024/08/15,2300.4792,2335.9381
2024/08/16,2335.0422,2345.0481
2024/08/19,2345.6447,2357.0309
2024/08/20,2361.181,2346.6379
2024/08/21,2341.8119,2339.072
2024/08/22,2340.1542,2341.1509
2024/08/23,2338.6644,2355.3787
2024/08/26,2356.7933,2352.2729
2024/08/27,2348.5443,2350.4141
2024/08/28,2349.5198,2336.1475
2024/08/29,2329.6623,2317.6636
2024/08/30,2313.6095,2335.2146
2024/09/02,2321.1529,2299.9325
2024/09/03,2299.3396,2291.1775
2024/09/04,2279.4765,2271.8069
2024/09/05,2272.9816,2275.1177
2024/09/06,2276.5398,2263.5629
2024/09/09,2252.3035,2232.9593
2024/09/10,2232.8303,2235.6866
2024/09/11,2228.8251,2220.798
2024/09/12,2220.9007,2209.5603
2024/09/13,2211.154,2205.8115
2024/09/18,2206.8536,2218.6562
2024/09/19,2224.2625,2229.8053
2024/09/20,2227.3519,2233.2565
2024/09/23,2233.8583,2243.0249
2024/09/24,2270.3562,2352.1449
2024/09/25,2391.2845,2386.3227
2024/09/26,2389.2682,2498.1797
2024/09/27,2553.6017,2571.0848
2024/09/30,2657.5481,2755.4044
2024/10/08,3016.8743,2853.1376
2024/10/09,2813.9557,2680.7145
2024/10/10,2697.2924,2739.0507
2024/10/11,2718.249,2680.388
2024/10/14,2699.7073,2723.183
2024/10/15,2711.6739,2655.1159
2024/10/16,2629.2419,2650.1756
2024/10/17,2666.367,2610.467
2024/10/18,2606.3767,2681.9116
2024/10/21,2694.9659,2681.0567
2024/10/22,2672.8534,2692.6613
2024/10/23,2691.1255,2708.0459
2024/10/24,2695.379,2680.7044
2024/10/25,2679.3494,2683.3246
2024/10/28,2681.5075,2686.2894
2024/10/29,2689.9168,2667.9385
2024/10/30,2658.2589,2634.7375
2024/10/31,2637.2061,2633.117
2024/11/01,2629.0433,2651.5349
2024/11/04,2657.3144,2675.7707
2024/11/05,2666.8611,2727.6665
2024/11/06,2730.4552,2706.6145
2024/11/07,2684.8126,2797.8602
2024/11/08,2825.9123,2765.5385
2024/11/11,2736.8382,2753.7448
2024/11/12,2744.946,2712.2651
2024/11/13,2697.1864,2728.2286
2024/11/14,2719.4553,2704.1521
2024/11/15,2696.9612,2671.4515
2024/11/18,2683.4931,2678.2735
2024/11/19,2679.5513,2671.1887
2024/11/20,2667.4488,2676.2068
2024/11/21,2674.4342,2680.798
2024/11/22,2679.6508,2601.5573
2024/11/25,2610.9605,2582.0536
2024/11/26,2576.8092,2592.7374
2024/11/27,2588.8885,2625.7605
2024/11/28,2625.5067,2610.1214
2024/11/29,2612.2337,2624.9558
2024/12/02,2621.1436,2639.0408
2024/12/03,2638.8056,2652.8982
2024/12/04,2651.785,2648.7554
2024/12/05,2637.627,2635.5615
2024/12/06,2636.6066,2665.4281
2024/12/09,2666.2892,2667.5924
2024/12/10,2741.7509,2689.3292
2024/12/11,2684.5906,2676.5518
2024/12/12,2673.9435,2702.2681
2024/12/13,2684.2932,2638.0266
2024/12/16,2637.7401,2641.5604
2024/12/17,2637.3498,2652.3455
2024/12/18,2662.0322,2671.3461
2024/12/19,2652.1949,2661.7224
2024/12/20,2654.8486,2648.4609
2024/12/23,2648.9188,2671.2025
2024/12/24,2671.9088,2702.282
2024/12/25,2706.5666,2710.1649
2024/12/26,2709.5915,2702.5952
2024/12/27,2701.2086,2701.7031
2024/12/30,2700.2245,2718.7486
2024/12/31,2715.2066,2684.7706
2025/01/02,2682.4157,2610.342
2025/01/03,2615.3507,2587.1316
2025/01/06,2589.3354,2579.9632
2025/01/07,2576.6772,2593.9654
2025/01/08,2587.5267,2597.4459
2025/01/09,2595.6918,2579.5751
2025/01/10,2585.1998,2560.2497
2025/01/13,2545.3785,2553.3593
2025/01/14,2556.4221,2598.8068
2025/01/15,2592.3164,2591.5027
2025/01/16,2601.1234,2580.1177
2025/01/17,2572.966,2582.4859
2025/01/20,2595.3248,2589.0685
2025/01/21,2598.8309,2584.8889
2025/01/22,2580.1051,2551.3535
2025/01/23,2571.8276,2567.4765
2025/01/24,2562.8655,2579.096
2025/01/27,2582.8389,2583.6516
2025/02/05,2604.1391,2561.9419
2025/02/06,2559.8268,2580.4257
2025/02/07,2578.6829,2608.0888
2025/02/10,2612.0607,2621.0404
2025/02/11,2625.1833,2614.3218
2025/02/12,2611.962,2640.0458
2025/02/13,2638.9805,2641.1305
2025/02/14,2638.2075,2660.8549
2025/02/17,2665.545,2664.475
2025/02/18,2659.0877,2651.1117
2025/02/19,2648.3564,2663.6032
2025/02/20,2659.1258,2648.1665
2025/02/21,2657.8014,2682.2385
2025/02/24,2674.6908,2674.1169
2025/02/25,2654.1336,2643.2325
2025/02/26,2649.9011,2666.6563
2025/02/27,2664.319,2679.0768
2025/02/28,2670.4263,2638.9574
2025/03/03,2645.0108,2628.5236
2025/03/04,2617.9203,2621.2168
2025/03/05,2623.7171,2641.4462
2025/03/06,2655.5378,2683.9491
2025/03/07,2677.5744,2682.0161
2025/03/10,2682.8829,2668.8062
2025/03/11,2644.8189,2682.223
2025/03/12,2684.7199,2669.0146
2025/03/13,2670.9931,2664.6173
2025/03/14,2674.4949,2740.5066
2025/03/17,2755.4898,2737.9227
2025/03/18,2749.3221,2739.7453
2025/03/19,2737.3127,2746.9627
2025/03/20,2748.2942,2718.1862
2025/03/21,2712.7384,2675.3578
2025/03/24,2675.4609,2693.3313
2025/03/25,2695.2974,2691.8976
2025/03/26,2692.4167,2677.3121
2025/03/27,2673.9347,2690.8428
2025/03/28,2691.666,2679.7399
2025/03/31,2676.0507,2665.6339
2025/04/01,2669.0047,2662.7113
2025/04/02,2659.1031,2658.6209
2025/04/03,2631.4749,2662.2522
2025/04/07,2555.7101,2516.9653
2025/04/08,2526.508,2574.3529
2025/04/09,2548.4871,2597.1016
2025/04/10,2628.5216,2612.619
2025/04/11,2620.7735,2619.5762
2025/04/14,2623.5677,2628.206
2025/04/15,2624.2008,2634.5926
2025/04/16,2639.2018,2658.4955
2025/04/17,2648.0456,2659.8958
2025/04/18,2648.6596,2657.6367
2025/04/21,2655.5448,2652.8103
2025/04/22,2651.4909,2656.5387
2025/04/23,2662.9263,2648.8297
2025/04/24,2648.7676,2655.3644
2025/04/25,2660.1592,2648.8101
2025/04/28,2643.1361,2651.2252
2025/04/29,2650.4321,2645.5122
2025/04/30,2646.0637,2633.1603
2025/05/06,2650.4635,2647.7166
2025/05/07,2685.5582,2670.7023
2025/05/08,2661.2658,2679.509
2025/05/09,2676.1238,2684.0056
2025/05/12,2688.7482,2702.6172
2025/05/13,2713.1095,2708.0588
2025/05/14,2708.558,2753.785
2025/05/15,2748.535,2740.2976
2025/05/16,2734.7448,2716.6618
2025/05/19,2710.3218,2705.0884
2025/05/20,2710.3934,2716.6294
2025/05/21,2716.8379,2728.4262
2025/05/22,2725.4484,2733.6323
2025/05/23,2731.1827,2711.8524
2025/05/26,2708.2166,2699.4225
2025/05/27,2699.6918,2685.2812
2025/05/28,2686.7272,2683.0628
2025/05/29,2684.4865,2690.8926
2025/05/30,2688.9568,2678.6955
2025/06/03,2674.7677,2687.296
2025/06/04,2688.735,2690.8243
2025/06/05,2692.54,2692.1287
2025/06/06,2691.629,2688.8504
2025/06/09,2689.7302,2686.8276
2025/06/10,2690.8689,2676.4013
2025/06/11,2676.6721,2692.1365
2025/06/12,2689.6784,2691.2752
2025/06/13,2684.8823,2676.4328
2025/06/16,2666.8221,2685.0092
2025/06/17,2685.3855,2683.9528
2025/06/18,2685.4658,2679.9218
2025/06/19,2678.3561,2665.5197
2025/06/20,2661.2098,2673.7191
2025/06/23,2664.6357,2684.7761
2025/06/24,2685.8526,2715.9216
2025/06/25,2714.6256,2747.7278
2025/06/26,2740.2326,2738.4657
2025/06/27,2738.9299,2707.5688
2025/06/30,2702.1154,2711.9853
2025/07/01,2714.9673,2717.7128
2025/07/02,2720.847,2722.5522
2025/07/03,2726.1122,2724.5488
2025/07/04,2722.1782,2740.444
2025/07/07,2736.0124,2731.5324
2025/07/08,2732.0536,2747.1875
2025/07/09,2746.1402,2739.9202
2025/07/10,2739.2305,2756.9349
2025/07/11,2754.6631,2756.7725
2025/07/14,2761.4793,2757.808
2025/07/15,2758.718,2747.2269
2025/07/16,2748.1658,2740.9006
2025/07/17,2737.3511,2744.2604
2025/07/18,2746.3281,2764.516
2025/07/21,2770.3625,2772.2385
2025/07/22,2773.4045,2792.1823
2025/07/23,2798.9635,2801.2002
2025/07/24,2797.2625,2812.4428
2025/07/25,2807.6305,2795.5127
2025/07/28,2799.2638,2802.7674
2025/07/29,2802.7753,2808.5917
2025/07/30,2809.4365,2819.3508
2025/07/31,2807.3049,2775.9935
2025/08/01,2771.7616,2754.1302
2025/08/04,2748.6175,2769.3934
2025/08/05,2773.3799,2790.7287
2025/08/06,2789.2679,2797.4234
2025/08/07,2797.7108,2798.3111
2025/08/08,2795.782,2789.1744
2025/08/11,2791.3523,2789.8959
2025/08/12,2791.204,2807.0124
2025/08/13,2809.0464,2812.9804
2025/08/14,2815.4926,2829.4703
2025/08/15,2821.9746,2832.8759
2025/08/18,2843.0864,2838.8726
2025/08/19,2843.2849,2812.4225
2025/08/20,2808.4369,2846.9907
2025/08/21,2853.7873,2862.1764
2025/08/22,2868.5907,2928.6135
2025/08/25,2950.6533,2989.8549
2025/08/26,2975.6968,2969.7762
2025/08/27,2974.4076,2918.3789
2025/08/28,2918.5275,2960.7266
2025/08/29,2954.931,2976.4732
2025/09/01,2986.6511,2981.2024
2025/09/02,2983.7201,2992.881
2025/09/03,2995.463,2960.9933
2025/09/04,2949.9718,2910.47
2025/09/05,2908.5118,2942.2162
2025/09/08,2940.9806,2939.8823
2025/09/09,2928.5317,2928.6323
2025/09/10,2928.1117,2939.5911
2025/09/11,2925.6584,2983.0829
2025/09/12,2986.0229,2968.5397
2025/09/15,2976.3452,2962.6154
2025/09/16,2969.2337,2947.8222
2025/09/17,2942.8802,2952.7778
2025/09/18,2959.389,2912.8256
2025/09/19,2914.3621,2909.7442
2025/09/22,2911.0242,2922.1795
2025/09/23,2917.9905,2919.5148
2025/09/24,2908.0722,2939.5078
2025/09/25,,2939.5078
,,
数据来源：Wind,,
